"id";"winerys";"wine";"winetype";"country region";"averages";"reviews";"images"
"1";"Taylor's";"Scion Port 1855";"Port";"Portugal
·
Vintage Port";"5.0";"35 ratings";"https://images.vivino.com/thumbs/GrUwd8a_TSOF-1e2WVfwVA_pb_x300.png"
"2";"Toro Albalá";"Don PX Convento Selección 1946";"Port";"Spain
·
Montilla-Moriles";"4.9";"232 ratings";"https://images.vivino.com/thumbs/ni3gQdaBR0eR1jwck1LaWA_pb_x300.png"
"3";"Toro Albalá";"Don PX Pedro Ximenez Sherry 1946";"Port";"Spain
·
Pedro Ximénez Sherry (PX)";"4.9";"66 ratings";"https://images.vivino.com/thumbs/IW4LY7lKSRKNHS4xoqyO6A_pb_x300.png"
"4";"Niepoort";"Colheita Port 1937";"Port";"Portugal
·
Colheita Port";"4.9";"37 ratings";"https://images.vivino.com/thumbs/WveiVp21RPGjgHGudv2NuQ_pb_x300.png"
"5";"Quinta do Noval";"Port Tawny Colheita 1937";"Port";"Portugal
·
Colheita Port";"4.9";"35 ratings";"https://images.vivino.com/thumbs/jyuwaX9rTniqvT8Yf6GQqQ_pb_x300.png"
"6";"C. da Silva";"Dalva 63 Golden White Colheita Porto 1963";"Port";"Portugal
·
Colheita Port";"4.9";"35 ratings";"https://images.vivino.com/thumbs/NuCqH6FTTEKktgV5KhfstQ_pb_x300.png"
"7";"W. & J. Graham's";"Single Harvest Tawny Port 1972";"Port";"Portugal
·
Tawny Port";"4.8";"354 ratings";"https://images.vivino.com/thumbs/WITTr314RROKgOANaJrVVQ_pb_x300.png"
"8";"Taylor's";"Very Old Single Harvest Port 1966";"Port";"Portugal
·
Tawny Port";"4.8";"322 ratings";"https://images.vivino.com/thumbs/A8t87zz8T42Ad9KmdBvAnQ_pb_x300.png"
"9";"Taylor's";"Very Old Single Harvest Port 1964";"Port";"Portugal
·
Tawny Port";"4.8";"321 ratings";"https://images.vivino.com/thumbs/A8t87zz8T42Ad9KmdBvAnQ_pb_x300.png"
"10";"W. & J. Graham's";"Single Harvest Tawny Port 1969";"Port";"Portugal
·
Tawny Port";"4.8";"162 ratings";"https://images.vivino.com/thumbs/WITTr314RROKgOANaJrVVQ_pb_x300.png"
"11";"Valdespino";"Toneles Moscatel N.V.";"Port";"Spain
·
Jerez-Xérès-Sherry";"4.8";"127 ratings";"https://images.vivino.com/thumbs/qpYEe-MiSJ60kME-coE7Lw_pb_x300.png"
"12";"W. & J. Graham's";"Single Harvest Tawny Port 1952";"Port";"Portugal
·
Tawny Port";"4.8";"110 ratings";"https://images.vivino.com/thumbs/WITTr314RROKgOANaJrVVQ_pb_x300.png"
"13";"D'Oliveiras";"Boal Madeira 1908";"Port";"Portugal
·
Madeira";"4.8";"108 ratings";"https://images.vivino.com/thumbs/WBGlHGjoQZqcI1k9BhwChw_pb_x300.png"
"14";"W. & J. Graham's";"Single Harvest Tawny Port 1963";"Port";"Portugal
·
Tawny Port";"4.8";"88 ratings";"https://images.vivino.com/thumbs/WITTr314RROKgOANaJrVVQ_pb_x300.png"
"15";"Taylor's";"Scion Port N.V.";"Port";"Portugal
·
Vintage Port";"4.8";"81 ratings";"https://images.vivino.com/thumbs/GrUwd8a_TSOF-1e2WVfwVA_pb_x300.png"
"16";"Toro Albalá";"Don PX Convento Selección 1931";"Port";"Spain
·
Montilla-Moriles";"4.8";"69 ratings";"https://images.vivino.com/thumbs/ni3gQdaBR0eR1jwck1LaWA_pb_x300.png"
"17";"Krohn";"Colheita Porto 1966";"Port";"Portugal
·
Colheita Port";"4.8";"68 ratings";"https://images.vivino.com/thumbs/5Jex0HJzQi6aK_UZHXtQtA_pb_x300.png"
"18";"W. & J. Graham's";"90 Very Old Tawny Port N.V.";"Port";"Portugal
·
Aged Tawny Port";"4.8";"64 ratings";"https://images.vivino.com/highlights/icon/top_ranked.svg"
"19";"Toro Albalá";"Don PX Convento Selección 1965";"Port";"Spain
·
Montilla-Moriles";"4.8";"62 ratings";"https://images.vivino.com/thumbs/ni3gQdaBR0eR1jwck1LaWA_pb_x300.png"
"20";"Krohn";"Colheita Porto 1968";"Port";"Portugal
·
Colheita Port";"4.8";"61 ratings";"https://images.vivino.com/thumbs/5Jex0HJzQi6aK_UZHXtQtA_pb_x300.png"
"21";"Kopke";"Colheita Port 1937";"Port";"Portugal
·
Colheita Port";"4.8";"46 ratings";"https://images.vivino.com/thumbs/YDhDDXL1QQijmWvOnO418A_pb_x300.png"
"22";"Blandy's";"Bual Madeira 1958";"Port";"Portugal
·
Madeira";"4.8";"44 ratings";"https://images.vivino.com/thumbs/wC_R2RnFS1OCl58Z4XgtPw_pb_x300.png"
"23";"Toro Albalá";"Don PX Convento Selección 1929";"Port";"Spain
·
Montilla-Moriles";"4.8";"43 ratings";"https://images.vivino.com/thumbs/ni3gQdaBR0eR1jwck1LaWA_pb_x300.png"
"24";"Barbadillo";"Reliquia Palo Cortado Sherry N.V.";"Port";"Spain
·
Palo Cortado Sherry";"4.8";"41 ratings";"https://images.vivino.com/thumbs/H52Rxux2RlCRfXuxOKyLlg_pb_x300.png"
"25";"Blandy's";"Terrantez Madeira 1977";"Port";"Portugal
·
Madeira";"4.8";"38 ratings";"https://images.vivino.com/thumbs/bpo_8S6jRiSc0OpzRmjTTg_pb_x300.png"
"26";"Quinta do Noval";"Vintage Port Nacional 2001";"Port";"Portugal
·
Vintage Port";"4.8";"32 ratings";"https://images.vivino.com/thumbs/Dc4oCLqGQemNRNwH4Kjgsw_pb_x300.png"
"27";"Krohn";"Colheita Porto 1960";"Port";"Portugal
·
Colheita Port";"4.8";"32 ratings";"https://images.vivino.com/thumbs/5Jex0HJzQi6aK_UZHXtQtA_pb_x300.png"
"28";"Fonseca";"Vintage Port 1963";"Port";"Portugal
·
Vintage Port";"4.8";"32 ratings";"https://images.vivino.com/thumbs/JEsF37XFTvKEc9o64YCCrA_pb_x300.png"
"29";"Krohn";"Colheita Porto 1964";"Port";"Portugal
·
Colheita Port";"4.8";"32 ratings";"https://images.vivino.com/thumbs/5Jex0HJzQi6aK_UZHXtQtA_pb_x300.png"
"30";"Blandy's";"Bual Madeira 1920";"Port";"Portugal
·
Madeira";"4.8";"31 ratings";"https://images.vivino.com/thumbs/wC_R2RnFS1OCl58Z4XgtPw_pb_x300.png"
"31";"Toro Albalá";"Don PX Convento Selección 1958";"Port";"Spain
·
Montilla-Moriles";"4.8";"31 ratings";"https://images.vivino.com/thumbs/ni3gQdaBR0eR1jwck1LaWA_pb_x300.png"
"32";"Quinta do Noval";"Port Tawny Colheita 1964";"Port";"Portugal
·
Colheita Port";"4.8";"30 ratings";"https://images.vivino.com/thumbs/jyuwaX9rTniqvT8Yf6GQqQ_pb_x300.png"
"33";"Dow's";"Quinta do Bomfim Vintage Port 1986";"Port";"Portugal
·
Single Quinta Vintage Port (SQVP)";"4.8";"29 ratings";"https://images.vivino.com/thumbs/AkTlXZ4dRvWyf6SBI-Wjpw_pb_x300.png"
"34";"D'Oliveiras";"Malvasia Madeira 1907";"Port";"Portugal
·
Madeira";"4.8";"28 ratings";"https://images.vivino.com/thumbs/vhnovKPFSISFeh6g8PFK0Q_pb_x300.png"
"35";"Quinta do Noval";"Vintage Port Nacional 2000";"Port";"Portugal
·
Vintage Port";"4.8";"28 ratings";"https://images.vivino.com/thumbs/Dc4oCLqGQemNRNwH4Kjgsw_pb_x300.png"
"36";"Real Companhia Velha";"Vintage Port 1967";"Port";"Portugal
·
Vintage Port";"4.8";"27 ratings";"https://images.vivino.com/thumbs/ZRuqQhQ3QuK3aK5kZ1Pq_A_pb_x300.png"
"37";"Niepoort";"Late Bottled Vintage Port 1980";"Port";"Portugal
·
Late Bottled Vintage Port (LBV)";"4.8";"26 ratings";"https://images.vivino.com/thumbs/dKwIqIbTTaiHRhXi2PbPLg_pb_x300.png"
"38";"Blandy's";"Sercial Madeira 1968";"Port";"Portugal
·
Madeira";"4.8";"26 ratings";"https://images.vivino.com/thumbs/UHc6Jfa7TImZcuaoK0vSVg_pb_x300.png"
"39";"Krohn";"Colheita Porto 1967";"Port";"Portugal
·
Colheita Port";"4.8";"25 ratings";"https://images.vivino.com/thumbs/5Jex0HJzQi6aK_UZHXtQtA_pb_x300.png"
"40";"Niepoort";"Colheita Port 1968";"Port";"Portugal
·
Colheita Port";"4.8";"25 ratings";"https://images.vivino.com/thumbs/WveiVp21RPGjgHGudv2NuQ_pb_x300.png"
"41";"Taylor's";"Very Old Single Harvest Port N.V.";"Port";"Portugal
·
Tawny Port";"4.7";"1375 ratings";"https://images.vivino.com/thumbs/A8t87zz8T42Ad9KmdBvAnQ_pb_x300.png"
"42";"Toro Albalá";"Don PX Convento Selección N.V.";"Port";"Spain
·
Montilla-Moriles";"4.7";"658 ratings";"https://images.vivino.com/thumbs/ni3gQdaBR0eR1jwck1LaWA_pb_x300.png"
"43";"Taylor's";"Vintage Port 1977";"Port";"Portugal
·
Vintage Port";"4.7";"467 ratings";"https://images.vivino.com/thumbs/VQ7GE30GRK-SC0jUoIeT-Q_pb_x300.png"
"44";"Blandy's";"Terrantez Madeira N.V.";"Port";"Portugal
·
Madeira";"4.7";"306 ratings";"https://images.vivino.com/thumbs/bpo_8S6jRiSc0OpzRmjTTg_pb_x300.png"
"45";"Taylor's";"Vintage Port 1994";"Port";"Portugal
·
Vintage Port";"4.7";"289 ratings";"https://images.vivino.com/thumbs/VQ7GE30GRK-SC0jUoIeT-Q_pb_x300.png"
"46";"Kopke";"Colheita Port 1966";"Port";"Portugal
·
Colheita Port";"4.7";"279 ratings";"https://images.vivino.com/thumbs/YDhDDXL1QQijmWvOnO418A_pb_x300.png"
"47";"Burmester";"Colheita Porto 1937";"Port";"Portugal
·
Porto";"4.7";"260 ratings";"https://images.vivino.com/thumbs/gEj2IcxrQrydjxMfYw7fvQ_pb_x300.png"
"48";"Taylor's";"Very Old Single Harvest Port 1967";"Port";"Portugal
·
Tawny Port";"4.7";"222 ratings";"https://images.vivino.com/thumbs/A8t87zz8T42Ad9KmdBvAnQ_pb_x300.png"
"49";"Dow's";"Vintage Port 2007";"Port";"Portugal
·
Vintage Port";"4.7";"219 ratings";"https://images.vivino.com/thumbs/cn3BnyzeRbmnluOLoj756w_pb_x300.png"
"50";"Taylor's";"Vintage Port 1970";"Port";"Portugal
·
Vintage Port";"4.7";"170 ratings";"https://images.vivino.com/thumbs/VQ7GE30GRK-SC0jUoIeT-Q_pb_x300.png"
"51";"Blandy's";"Terrantez Madeira 1976";"Port";"Portugal
·
Madeira";"4.7";"162 ratings";"https://images.vivino.com/thumbs/bpo_8S6jRiSc0OpzRmjTTg_pb_x300.png"
"52";"Taylor's";"Very Old Single Harvest Port 1965";"Port";"Portugal
·
Tawny Port";"4.7";"139 ratings";"https://images.vivino.com/thumbs/A8t87zz8T42Ad9KmdBvAnQ_pb_x300.png"
"53";"D'Oliveiras";"Reserva Verdelho Madeira N.V.";"Port";"Portugal
·
Madeira";"4.7";"126 ratings";"https://images.vivino.com/thumbs/lkfvn01JT3SU389JLqO0Zw_pb_x300.png"
"54";"Kopke";"Colheita Port 1965";"Port";"Portugal
·
Colheita Port";"4.7";"123 ratings";"https://images.vivino.com/thumbs/YDhDDXL1QQijmWvOnO418A_pb_x300.png"
"55";"Burmester";"Colheita Porto 1963";"Port";"Portugal
·
Porto";"4.7";"122 ratings";"https://images.vivino.com/thumbs/gEj2IcxrQrydjxMfYw7fvQ_pb_x300.png"
"56";"Taylor's";"Very Old Single Harvest Port 1968";"Port";"Portugal
·
Tawny Port";"4.7";"121 ratings";"https://images.vivino.com/thumbs/A8t87zz8T42Ad9KmdBvAnQ_pb_x300.png"
"57";"Taylor's";"Vintage Port 1992";"Port";"Portugal
·
Vintage Port";"4.7";"112 ratings";"https://images.vivino.com/thumbs/VQ7GE30GRK-SC0jUoIeT-Q_pb_x300.png"
"58";"Warre's";"Vintage Port 1963";"Port";"Portugal
·
Vintage Port";"4.7";"110 ratings";"https://images.vivino.com/thumbs/cN21DLJiQDSFqtTn_tM8MQ_pb_x300.png"
"59";"Quinta do Noval";"Port Tawny Colheita 1968";"Port";"Portugal
·
Colheita Port";"4.7";"102 ratings";"https://images.vivino.com/thumbs/jyuwaX9rTniqvT8Yf6GQqQ_pb_x300.png"
"60";"Cockburn's";"Vintage Port 1963";"Port";"Portugal
·
Vintage Port";"4.7";"100 ratings";"https://images.vivino.com/thumbs/pWjNtJt0RRa_EAM2xecrHw_pb_x300.png"
"61";"Burmester";"Colheita Porto 1952";"Port";"Portugal
·
Porto";"4.7";"100 ratings";"https://images.vivino.com/thumbs/gEj2IcxrQrydjxMfYw7fvQ_pb_x300.png"
"62";"Dow's";"Vintage Port 1963";"Port";"Portugal
·
Vintage Port";"4.7";"98 ratings";"https://images.vivino.com/thumbs/cn3BnyzeRbmnluOLoj756w_pb_x300.png"
"63";"Constantino";"Vintage Porto N.V.";"Port";"Portugal
·
Vintage Port";"4.7";"89 ratings";"https://thumbs.vivino.com/avatars/0cnb5S0HR1GqQS5FsPQdaQ_50x50.jpg"
"64";"Taylor's";"Vintage Port 1963";"Port";"Portugal
·
Vintage Port";"4.7";"86 ratings";"https://images.vivino.com/thumbs/VQ7GE30GRK-SC0jUoIeT-Q_pb_x300.png"
"65";"Fonseca";"Vintage Port 1977";"Port";"Portugal
·
Vintage Port";"4.7";"82 ratings";"https://images.vivino.com/thumbs/JEsF37XFTvKEc9o64YCCrA_pb_x300.png"
"66";"Toro Albalá";"Don PX Convento Selección 1955";"Port";"Spain
·
Montilla-Moriles";"4.7";"72 ratings";"https://images.vivino.com/thumbs/ni3gQdaBR0eR1jwck1LaWA_pb_x300.png"
"67";"Niepoort";"Vintage Port 2011";"Port";"Portugal
·
Vintage Port";"4.7";"72 ratings";"https://images.vivino.com/thumbs/gkOzyaDKSmSxGaJDFkuSOQ_pb_x300.png"
"68";"V. Sattui";"Madeira 2010";"Port";"United States
·
California";"4.7";"67 ratings";"https://images.vivino.com/thumbs/LKgiR6xxQ6OcFP09vAch-A_pb_x300.png"
"69";"Fonseca";"Vintage Port 1994";"Port";"Portugal
·
Vintage Port";"4.7";"65 ratings";"https://images.vivino.com/thumbs/JEsF37XFTvKEc9o64YCCrA_pb_x300.png"
"70";"Royal Oporto";"Colheita Porto 1976";"Port";"Portugal
·
Colheita Port";"4.7";"63 ratings";"https://images.vivino.com/thumbs/QnSyShsLRguoGnjtFIQO8A_pb_x300.png"
"71";"W. & J. Graham's";"Late Bottled Vintage Port 1987";"Port";"Portugal
·
Late Bottled Vintage Port (LBV)";"4.7";"59 ratings";"https://images.vivino.com/thumbs/MV9DYVehT1yRS1QagLBznQ_pb_x300.png"
"72";"Real Companhia Velha";"Família Real Porto 1944";"Port";"Portugal
·
Porto";"4.7";"58 ratings";"https://thumbs.vivino.com/avatars/So6OASLDQBa6bteUh3X94g_50x50.jpg"
"73";"W. & J. Graham's";"30 Year Old Tawny Port 1983";"Port";"Portugal
·
Aged Tawny Port";"4.7";"57 ratings";"https://images.vivino.com/thumbs/vXzsFi59SnWnNCngPdR7qg_pb_x300.png"
"74";"Quinta do Noval";"Vintage Port 1963";"Port";"Portugal
·
Vintage Port";"4.7";"54 ratings";"https://images.vivino.com/thumbs/c-3lGDydTm6clj54mwXiUQ_pb_x300.png"
"75";"Real Companhia Velha";"Vintage Port 1994";"Port";"Portugal
·
Vintage Port";"4.7";"54 ratings";"https://images.vivino.com/thumbs/ZRuqQhQ3QuK3aK5kZ1Pq_A_pb_x300.png"
"76";"Barros";"Colheita Porto 1975";"Port";"Portugal
·
Colheita Port";"4.7";"46 ratings";"https://images.vivino.com/thumbs/e3HOlT52QjW-XiG4WQy-4Q_pb_x300.png"
"77";"Quinta do Noval";"Vintage Port 1978";"Port";"Portugal
·
Vintage Port";"4.7";"44 ratings";"https://images.vivino.com/thumbs/c-3lGDydTm6clj54mwXiUQ_pb_x300.png"
"78";"W. & J. Graham's";"Vintage Port 1966";"Port";"Portugal
·
Vintage Port";"4.7";"43 ratings";"https://images.vivino.com/thumbs/Gpc2lxULRaSEuAkJjglpfg_pb_x300.png"
"79";"Burmester";"Colheita Porto 1950";"Port";"Portugal
·
Porto";"4.7";"43 ratings";"https://images.vivino.com/thumbs/gEj2IcxrQrydjxMfYw7fvQ_pb_x300.png"
"80";"Blandy's";"Bual Madeira 1957";"Port";"Portugal
·
Madeira";"4.7";"38 ratings";"https://images.vivino.com/thumbs/wC_R2RnFS1OCl58Z4XgtPw_pb_x300.png"
"81";"Cockburn's";"Vintage Port 1967";"Port";"Portugal
·
Vintage Port";"4.7";"37 ratings";"https://images.vivino.com/thumbs/pWjNtJt0RRa_EAM2xecrHw_pb_x300.png"
"82";"Prager Winery and Port Works";"Noble Companion Tawny Port 2008";"Port";"United States
·
Napa Valley";"4.7";"36 ratings";"https://images.vivino.com/thumbs/1Ous8R6yQL-JcZ-Cwz3s-g_pb_x300.png"
"83";"Quinta do Noval";"Vintage Port Nacional 1970";"Port";"Portugal
·
Vintage Port";"4.7";"36 ratings";"https://images.vivino.com/thumbs/Dc4oCLqGQemNRNwH4Kjgsw_pb_x300.png"
"84";"Gonzalez-Byass";"Añada Palo Cortado 1987 1987";"Port";"Spain
·
Palo Cortado Sherry";"4.7";"35 ratings";"https://images.vivino.com/thumbs/hWp5yCqvRA-q12yhMwPpBw_pb_x300.png"
"85";"V. Sattui";"Madeira 2014";"Port";"United States
·
California";"4.7";"32 ratings";"https://images.vivino.com/thumbs/LKgiR6xxQ6OcFP09vAch-A_pb_x300.png"
"86";"Kopke";"Colheita Port 1961";"Port";"Portugal
·
Colheita Port";"4.7";"32 ratings";"https://images.vivino.com/thumbs/YDhDDXL1QQijmWvOnO418A_pb_x300.png"
"87";"Burmester";"Colheita Porto 1940";"Port";"Portugal
·
Porto";"4.7";"32 ratings";"https://images.vivino.com/thumbs/gEj2IcxrQrydjxMfYw7fvQ_pb_x300.png"
"88";"Croft";"Late Bottled Vintage Port 1970";"Port";"Portugal
·
Late Bottled Vintage Port (LBV)";"4.7";"32 ratings";"https://images.vivino.com/thumbs/RPj7XZEcRSSJFdExIBiuBg_pb_x300.png"
"89";"Dow's";"Master Blend Late Bottled Vintage Port 1985";"Port";"Portugal
·
Late Bottled Vintage Port (LBV)";"4.7";"32 ratings";"https://images.vivino.com/thumbs/8IzDvUo1RzaPhhcF13-syg_pb_x300.png"
"90";"Borges";"Vintage Port 1960";"Port";"Portugal
·
Vintage Port";"4.7";"31 ratings";"https://images.vivino.com/thumbs/pa1p0r2oSVCNZjXWhV6gTg_pb_x300.png"
"91";"Toro Albalá";"Don PX Reserva Especial N.V.";"Port";"Spain
·
Montilla-Moriles";"4.7";"31 ratings";"https://images.vivino.com/thumbs/fFV_01haQaKBm127tp4njw_pb_x300.png"
"92";"Real Companhia Velha";"Desintervenção Port 1978";"Port";"Portugal
·
Porto";"4.7";"30 ratings";"https://images.vivino.com/thumbs/Hzmf0exsTX-h65kINapDmQ_pb_x300.png"
"93";"Taylor's";"Quinta de Vargellas Vintage Port 1968";"Port";"Portugal
·
Single Quinta Vintage Port (SQVP)";"4.7";"30 ratings";"https://images.vivino.com/thumbs/XrqTj3U8RnSG4QVQY1b6ww_pb_x300.png"
"94";"Fonseca";"Guimaraens Vintage Port 1976";"Port";"Portugal
·
Vintage Port";"4.7";"30 ratings";"https://images.vivino.com/thumbs/mcBmcODPTreYOrjvJbMMiw_pb_x300.png"
"95";"Messias";"Porto Colheita 1967";"Port";"Portugal
·
Porto";"4.7";"29 ratings";"https://images.vivino.com/thumbs/CZtaxwKgQImrT85PfNcRzg_pb_x300.png"
"96";"Real Companhia Velha";"Vintage Port 2002";"Port";"Portugal
·
Vintage Port";"4.7";"29 ratings";"https://images.vivino.com/thumbs/ZRuqQhQ3QuK3aK5kZ1Pq_A_pb_x300.png"
"97";"Ramos Pinto";"30 Year Old Tawny Porto 2008";"Port";"Portugal
·
Aged Tawny Port";"4.7";"28 ratings";"https://images.vivino.com/thumbs/muxwf7-iTzKYdAR8V4p6zA_pb_x300.png"
"98";"Niepoort";"Colheita Port 1934";"Port";"Portugal
·
Colheita Port";"4.7";"27 ratings";"https://images.vivino.com/thumbs/WveiVp21RPGjgHGudv2NuQ_pb_x300.png"
"99";"Osborne";"Pedro Ximenez Viejo Very Old Rare Sherry N.V.";"Port";"Spain
·
Jerez-Xérès-Sherry";"4.7";"27 ratings";"https://images.vivino.com/thumbs/JGCBmd1_QIunYWzqRBZShA_pb_x300.png"
"100";"Burmester";"Colheita Porto 1951";"Port";"Portugal
·
Porto";"4.7";"27 ratings";"https://images.vivino.com/thumbs/gEj2IcxrQrydjxMfYw7fvQ_pb_x300.png"
"101";"Sandeman";"Vintage Port 1963";"Port";"Portugal
·
Vintage Port";"4.7";"27 ratings";"https://images.vivino.com/thumbs/Q2wT8OiETQCeGblJycDHDQ_pb_x300.png"
"102";"C. da Silva";"Dalva Colheita Porto 1968";"Port";"Portugal
·
Colheita Port";"4.7";"25 ratings";"https://images.vivino.com/thumbs/BUff0jSqSNGoWmyG8G8kYg_pb_x300.png"
"103";"W. & J. Graham's";"Single Harvest Tawny Port N.V.";"Port";"Portugal
·
Tawny Port";"4.6";"1632 ratings";"https://images.vivino.com/thumbs/WITTr314RROKgOANaJrVVQ_pb_x300.png"
"104";"W. & J. Graham's";"40 Year Old Tawny Port N.V.";"Port";"Portugal
·
Aged Tawny Port";"4.6";"1353 ratings";"https://images.vivino.com/thumbs/rkcKilc7QtCRtHEybi07BQ_pb_x300.png"
"105";"Taylor's";"40 Year Old Tawny Port N.V.";"Port";"Portugal
·
Aged Tawny Port";"4.6";"964 ratings";"https://images.vivino.com/thumbs/E1Ya1DznSt-NJlkXDfW_MQ_pb_x300.png"
"106";"Quinta do Noval";"40 Year Old Tawny Port N.V.";"Port";"Portugal
·
Aged Tawny Port";"4.6";"529 ratings";"https://images.vivino.com/thumbs/Q16-faV3ShW00_SPL31Llw_pb_x300.png"
"107";"Sandeman";"40 Years Old Tawny Porto N.V.";"Port";"Portugal
·
Aged Tawny Port";"4.6";"468 ratings";"https://images.vivino.com/thumbs/yFGicWEpQgyFtrBh4VMGyw_pb_x300.png"
"108";"Dow's";"Vintage Port 2011";"Port";"Portugal
·
Vintage Port";"4.6";"417 ratings";"https://images.vivino.com/thumbs/cn3BnyzeRbmnluOLoj756w_pb_x300.png"
"109";"Royal Oporto";"40 Year Old Tawny Porto N.V.";"Port";"Portugal
·
Aged Tawny Port";"4.6";"346 ratings";"https://images.vivino.com/thumbs/L4pqQfyaSFqcKtcEkXVRlg_pb_x300.png"
"110";"Burmester";"Tordiz 40 Year Old Tawny Port N.V.";"Port";"Portugal
·
Aged Tawny Port";"4.6";"263 ratings";"https://images.vivino.com/thumbs/r5d3WdJkTT65dX6mX3cA4w_pb_x300.png"
"111";"Burmester";"Colheita Porto 1955";"Port";"Portugal
·
Porto";"4.6";"240 ratings";"https://images.vivino.com/thumbs/gEj2IcxrQrydjxMfYw7fvQ_pb_x300.png"
"112";"Burmester";"Colheita Porto 1957";"Port";"Portugal
·
Porto";"4.6";"223 ratings";"https://images.vivino.com/thumbs/gEj2IcxrQrydjxMfYw7fvQ_pb_x300.png"
"113";"Quinta do Vesuvio";"Vintage Port 1994";"Port";"Portugal
·
Single Quinta Vintage Port (SQVP)";"4.6";"198 ratings";"https://images.vivino.com/thumbs/6nJ5LlAeS2y0dnjZRreZOA_pb_x300.png"
"114";"Krohn";"Colheita Porto 1976";"Port";"Portugal
·
Colheita Port";"4.6";"181 ratings";"https://images.vivino.com/thumbs/5Jex0HJzQi6aK_UZHXtQtA_pb_x300.png"
"115";"W. & J. Graham's";"Vintage Port 1970";"Port";"Portugal
·
Vintage Port";"4.6";"179 ratings";"https://images.vivino.com/thumbs/Gpc2lxULRaSEuAkJjglpfg_pb_x300.png"
"116";"Kopke";"Colheita Port 1974";"Port";"Portugal
·
Colheita Port";"4.6";"160 ratings";"https://images.vivino.com/thumbs/YDhDDXL1QQijmWvOnO418A_pb_x300.png"
"117";"Barros";"Colheita Porto 1974";"Port";"Portugal
·
Colheita Port";"4.6";"150 ratings";"https://images.vivino.com/thumbs/e3HOlT52QjW-XiG4WQy-4Q_pb_x300.png"
"118";"Fonseca";"40 Year Old Tawny Port N.V.";"Port";"Portugal
·
Aged Tawny Port";"4.6";"149 ratings";"https://images.vivino.com/thumbs/U5TNpr5dSSWYqlJC05iFTA_pb_x300.png"
"119";"Real Companhia Velha";"Vintage Port 1984";"Port";"Portugal
·
Vintage Port";"4.6";"143 ratings";"https://images.vivino.com/thumbs/ZRuqQhQ3QuK3aK5kZ1Pq_A_pb_x300.png"
"120";"Fonseca";"Guimaraens Vintage Port 1994";"Port";"Portugal
·
Vintage Port";"4.6";"140 ratings";"https://images.vivino.com/thumbs/mcBmcODPTreYOrjvJbMMiw_pb_x300.png"
"121";"W. & J. Graham's";"Late Bottled Vintage Port 1983";"Port";"Portugal
·
Late Bottled Vintage Port (LBV)";"4.6";"136 ratings";"https://images.vivino.com/thumbs/MV9DYVehT1yRS1QagLBznQ_pb_x300.png"
"122";"D'Oliveiras";"Reserva Boal Madeira N.V.";"Port";"Portugal
·
Madeira";"4.6";"140 ratings";"https://images.vivino.com/thumbs/hrtPI5E9QLq6IcXsrJ8PJw_pb_x300.png"
"123";"Fonseca";"Vintage Port 2011";"Port";"Portugal
·
Vintage Port";"4.6";"125 ratings";"https://images.vivino.com/thumbs/Ti4juu1PQKSxF0Ni9yMS5A_pb_x300.png"
"124";"Royal Oporto";"Colheita Porto 1977";"Port";"Portugal
·
Colheita Port";"4.6";"125 ratings";"https://images.vivino.com/thumbs/QnSyShsLRguoGnjtFIQO8A_pb_x300.png"
"125";"V. Sattui";"Vintage Port 1998";"Port";"United States
·
California";"4.6";"118 ratings";"https://images.vivino.com/thumbs/1MzcVwBFQguC28uekQ76_A_pb_x300.png"
"126";"Kopke";"Colheita Port 1967";"Port";"Portugal
·
Colheita Port";"4.6";"113 ratings";"https://images.vivino.com/thumbs/YDhDDXL1QQijmWvOnO418A_pb_x300.png"
"127";"Kopke";"Colheita Port 1957";"Port";"Portugal
·
Colheita Port";"4.6";"112 ratings";"https://images.vivino.com/thumbs/YDhDDXL1QQijmWvOnO418A_pb_x300.png"
"128";"Burmester";"Colheita Porto 1966";"Port";"Portugal
·
Porto";"4.6";"109 ratings";"https://images.vivino.com/thumbs/gEj2IcxrQrydjxMfYw7fvQ_pb_x300.png"
"129";"Royal Oporto";"Colheita Porto 1980";"Port";"Portugal
·
Colheita Port";"4.6";"107 ratings";"https://images.vivino.com/thumbs/QnSyShsLRguoGnjtFIQO8A_pb_x300.png"
"130";"Toro Albalá";"Marqués de Poley Amontillado Selección 1951 N.V.";"Port";"Spain
·
Montilla-Moriles";"4.6";"102 ratings";"https://images.vivino.com/thumbs/Go_vGIKoQRSAXASFmRjjKQ_pb_x300.png"
"131";"Krohn";"Colheita Porto 1961";"Port";"Portugal
·
Colheita Port";"4.6";"102 ratings";"https://images.vivino.com/thumbs/5Jex0HJzQi6aK_UZHXtQtA_pb_x300.png"
"132";"Quinta do Vesuvio";"Vintage Port 2011";"Port";"Portugal
·
Single Quinta Vintage Port (SQVP)";"4.6";"96 ratings";"https://images.vivino.com/thumbs/6nJ5LlAeS2y0dnjZRreZOA_pb_x300.png"
"133";"Fonseca";"Bin 27 Finest Reserve Port 1970";"Port";"Portugal
·
Reserve Port";"4.6";"94 ratings";"https://images.vivino.com/thumbs/Wy2OhnGCSvuAolZn9V6FRw_pb_x300.png"
"134";"Krohn";"Vintage Port 1965";"Port";"Portugal
·
Vintage Port";"4.6";"92 ratings";"https://images.vivino.com/thumbs/rcWfd8k0SAW2M0WT0LU0Zw_pb_x300.png"
"135";"Niepoort";"Porto Garrafeira N.V.";"Port";"Portugal
·
Porto";"4.6";"86 ratings";"https://images.vivino.com/thumbs/mgbOBvb7R6i6rijpn5hITA_pb_x300.png"
"136";"Warre's";"Vintage Port 1975";"Port";"Portugal
·
Vintage Port";"4.6";"72 ratings";"https://images.vivino.com/thumbs/cN21DLJiQDSFqtTn_tM8MQ_pb_x300.png"
"137";"D'Oliveiras";"Verdelho Madeira 1973";"Port";"Portugal
·
Madeira";"4.6";"72 ratings";"https://images.vivino.com/thumbs/7Hrs-UYtSea4SR88Y7z1OA_pb_x300.png"
"138";"Quinta do Noval";"Vintage Port Nacional 2003";"Port";"Portugal
·
Vintage Port";"4.6";"71 ratings";"https://images.vivino.com/thumbs/Dc4oCLqGQemNRNwH4Kjgsw_pb_x300.png"
"139";"Fonseca";"Vintage Port 1970";"Port";"Portugal
·
Vintage Port";"4.6";"71 ratings";"https://images.vivino.com/thumbs/JEsF37XFTvKEc9o64YCCrA_pb_x300.png"
"140";"Quinta da Romaneira";"Tawny Port 40 Year Old N.V.";"Port";"Portugal
·
Aged Tawny Port";"4.6";"68 ratings";"https://images.vivino.com/thumbs/u_h4zXh2TuyRSbpSJmeugQ_pb_x300.png"
"141";"Niepoort";"Vintage Port 2017";"Port";"Portugal
·
Vintage Port";"4.6";"64 ratings";"https://images.vivino.com/thumbs/gkOzyaDKSmSxGaJDFkuSOQ_pb_x300.png"
"142";"Taylor's";"20 Year Old Tawny Port 2015";"Port";"Portugal
·
Aged Tawny Port";"4.6";"64 ratings";"https://images.vivino.com/thumbs/u5NnTZzlQgaXvbHIxFmMwA_pb_x300.png"
"143";"Bodegas Tradición";"Pedro Ximenez 20 Years Old Vos 2016";"Port";"Spain
·
Pedro Ximénez Sherry (PX)";"4.6";"62 ratings";"https://images.vivino.com/thumbs/16D2aIKVQ86EE0MNU2LWFw_pb_x300.png"
"144";"Diez Mérito";"Fino Imperial Amontillado 30 Años N.V.";"Port";"Spain
·
Amontillado Sherry";"4.6";"59 ratings";"https://images.vivino.com/thumbs/1Gpv-qWzR-60cROzACA1jA_pb_x300.png"
"145";"Osborne";"Solera India Oloroso Rare Sherry N.V.";"Port";"Spain
·
Jerez-Xérès-Sherry";"4.6";"57 ratings";"https://images.vivino.com/thumbs/pO9K1kBrRHe3AFtuzlZiSA_pb_x300.png"
"146";"Quinta do Noval";"Vintage Port 2011";"Port";"Portugal
·
Vintage Port";"4.6";"57 ratings";"https://images.vivino.com/thumbs/y9P75uaVT6yoGz2398QDDw_pb_x300.png"
"147";"Quinta do Pégo";"Colheita Port 2016";"Port";"Portugal
·
Colheita Port";"4.6";"56 ratings";"https://images.vivino.com/thumbs/nf8R-_OdQ02abQx5dYnEWw_pb_x300.png"
"148";"Cazes";"Muscat de Rivesaltes Vin Doux Naturel 1978";"Port";"France
·
Muscat de Rivesaltes";"4.6";"56 ratings";"https://images.vivino.com/thumbs/5CPNEqB5Q96VE1S580-KLA_pb_x300.png"
"149";"Bodegas Ximénez-Spínola";"Este Pedro Ximenez N.V.";"Port";"Spain
·
Pedro Ximénez Sherry (PX)";"4.6";"55 ratings";"https://images.vivino.com/thumbs/WeB4zqlNS1Kmy_G8VtqgJg_pb_x300.png"
"150";"Taylor's";"Vintage Port 1966";"Port";"Portugal
·
Vintage Port";"4.6";"54 ratings";"https://images.vivino.com/thumbs/VQ7GE30GRK-SC0jUoIeT-Q_pb_x300.png"
"151";"Croft";"Vintage Port 1966";"Port";"Portugal
·
Vintage Port";"4.6";"53 ratings";"https://images.vivino.com/thumbs/1oKXB8BwQWSdooWryL8THg_pb_x300.png"
"152";"Kopke";"Colheita Port 1964";"Port";"Portugal
·
Colheita Port";"4.6";"53 ratings";"https://images.vivino.com/thumbs/YDhDDXL1QQijmWvOnO418A_pb_x300.png"
"153";"Taylor's";"Vintage Port 1975";"Port";"Portugal
·
Vintage Port";"4.6";"51 ratings";"https://images.vivino.com/thumbs/VQ7GE30GRK-SC0jUoIeT-Q_pb_x300.png"
"154";"Kopke";"Colheita Port 1941";"Port";"Portugal
·
Colheita Port";"4.6";"51 ratings";"https://images.vivino.com/thumbs/YDhDDXL1QQijmWvOnO418A_pb_x300.png"
"155";"Quinta do Noval";"Vintage Port Nacional 1975";"Port";"Portugal
·
Vintage Port";"4.6";"50 ratings";"https://images.vivino.com/thumbs/Dc4oCLqGQemNRNwH4Kjgsw_pb_x300.png"
"156";"Niepoort";"Porto Garrafeira 1977";"Port";"Portugal
·
Porto";"4.6";"49 ratings";"https://images.vivino.com/thumbs/mgbOBvb7R6i6rijpn5hITA_pb_x300.png"
"157";"Toro Albalá";"Don PX Pedro Ximenez Sherry 1987";"Port";"Spain
·
Pedro Ximénez Sherry (PX)";"4.6";"49 ratings";"https://images.vivino.com/thumbs/IW4LY7lKSRKNHS4xoqyO6A_pb_x300.png"
"158";"D'Oliveiras";"Reserva Boal Madeira 1968";"Port";"Portugal
·
Madeira";"4.6";"52 ratings";"https://images.vivino.com/thumbs/hrtPI5E9QLq6IcXsrJ8PJw_pb_x300.png"
"159";"Blandy's";"Terrantez Madeira 1980";"Port";"Portugal
·
Madeira";"4.6";"48 ratings";"https://images.vivino.com/thumbs/bpo_8S6jRiSc0OpzRmjTTg_pb_x300.png"
"160";"Quinta do Noval";"Port Over 40 Years N.V.";"Port";"Portugal
·
Douro";"4.6";"47 ratings";"https://images.vivino.com/thumbs/bWZ398l9S5Sf4nl12oNMPg_pb_x300.png"
"161";"Henriques & Henriques";"Vintage Malvasia Madeira N.V.";"Port";"Portugal
·
Madeira";"4.6";"48 ratings";"https://images.vivino.com/thumbs/Kqc8pvr0TvuWXkD-MG_Ryg_pb_x300.png"
"162";"Quinta do Noval";"Vintage Port 1970";"Port";"Portugal
·
Vintage Port";"4.6";"46 ratings";"https://images.vivino.com/thumbs/c-3lGDydTm6clj54mwXiUQ_pb_x300.png"
"163";"Sandeman";"20 Years Old Tawny Porto 2011";"Port";"Portugal
·
Aged Tawny Port";"4.6";"46 ratings";"https://images.vivino.com/thumbs/1fJJ-4DySjyX3fNFW2qzFA_pb_x300.png"
"164";"Borges";"Vintage Port 1980";"Port";"Portugal
·
Vintage Port";"4.6";"46 ratings";"https://images.vivino.com/thumbs/pa1p0r2oSVCNZjXWhV6gTg_pb_x300.png"
"165";"Andresen";"Special Selection Colheita Porto 1968";"Port";"Portugal
·
Colheita Port";"4.6";"45 ratings";"https://images.vivino.com/thumbs/HvvtsvbXQCuJWiWoI0S5nQ_pb_x300.png"
"166";"Prager Winery and Port Works";"Port 2008";"Port";"United States
·
Napa Valley";"4.6";"45 ratings";"https://images.vivino.com/thumbs/Dza2Jn_fQrSk19z19o2KNw_pb_x300.png"
"167";"Quinta do Vale Meão";"Vintage Port 2007";"Port";"Portugal
·
Vintage Port";"4.6";"44 ratings";"https://images.vivino.com/thumbs/u-NDTJBtQNCqj8MR2_-14w_pb_x300.png"
"168";"Dow's";"Vintage Port 1972";"Port";"Portugal
·
Vintage Port";"4.6";"44 ratings";"https://images.vivino.com/thumbs/cn3BnyzeRbmnluOLoj756w_pb_x300.png"
"169";"Niepoort";"Late Bottled Vintage Port 1982";"Port";"Portugal
·
Late Bottled Vintage Port (LBV)";"4.6";"43 ratings";"https://images.vivino.com/thumbs/dKwIqIbTTaiHRhXi2PbPLg_pb_x300.png"
"170";"Dow's";"Vintage Port 1966";"Port";"Portugal
·
Vintage Port";"4.6";"43 ratings";"https://images.vivino.com/thumbs/cn3BnyzeRbmnluOLoj756w_pb_x300.png"
"171";"Pacheca";"Vintage Port 2013";"Port";"Portugal
·
Vintage Port";"4.6";"42 ratings";"https://images.vivino.com/thumbs/UbWrWTUITqOVlKWHU31A_g_pb_x300.png"
"172";"Andresen";"40 Year Very Old Tawny Porto N.V.";"Port";"Portugal
·
Tawny Port";"4.6";"42 ratings";"https://images.vivino.com/thumbs/UuHarpxNT6icP-OJWv7kMA_pb_x300.png"
"173";"Fonseca";"Guimaraens Vintage Port 1977";"Port";"Portugal
·
Vintage Port";"4.5";"41 ratings";"https://images.vivino.com/thumbs/mcBmcODPTreYOrjvJbMMiw_pb_x300.png"
"174";"Diez Mérito";"Vieja Solera Pedro Ximenez 30 Años N.V.";"Port";"Spain
·
Jerez-Xérès-Sherry";"4.6";"40 ratings";"https://images.vivino.com/thumbs/OOZi_mAQTea0Upso9Y-nzg_pb_x300.png"
"175";"Grant Burge";"20 Year Old Tawny N.V.";"Port";"Australia
·
Barossa Valley";"4.6";"39 ratings";"https://images.vivino.com/thumbs/3au-psOgQYCRIr5CVrrvIQ_pb_x300.png"
"176";"Blandy's";"Verdelho Madeira 1979";"Port";"Portugal
·
Madeira";"4.6";"39 ratings";"https://images.vivino.com/thumbs/lmulIZwERt6Hb7KS4P2tww_pb_x300.png"
"177";"Quinta do Vesuvio";"Vintage Port 2009";"Port";"Portugal
·
Single Quinta Vintage Port (SQVP)";"4.6";"39 ratings";"https://images.vivino.com/thumbs/6nJ5LlAeS2y0dnjZRreZOA_pb_x300.png"
"178";"C. da Silva";"Dalva Colheita Porto 1966";"Port";"Portugal
·
Colheita Port";"4.6";"38 ratings";"https://images.vivino.com/thumbs/BUff0jSqSNGoWmyG8G8kYg_pb_x300.png"
"179";"Toro Albalá";"Don PX Selección 1965";"Port";"Spain
·
Montilla-Moriles";"4.6";"38 ratings";"https://images.vivino.com/thumbs/q0yllqqUT1aYGbI5g2z0ug_pb_x300.png"
"180";"Taylor's";"Vintage Port 1960";"Port";"Portugal
·
Vintage Port";"4.6";"38 ratings";"https://images.vivino.com/thumbs/VQ7GE30GRK-SC0jUoIeT-Q_pb_x300.png"
"181";"Toro Albalá";"Don PX Pedro Ximenez Sherry 1979";"Port";"Spain
·
Pedro Ximénez Sherry (PX)";"4.6";"37 ratings";"https://images.vivino.com/thumbs/IW4LY7lKSRKNHS4xoqyO6A_pb_x300.png"
"182";"Quinta do Noval";"Vintage Port 2007";"Port";"Portugal
·
Vintage Port";"4.6";"37 ratings";"https://images.vivino.com/thumbs/y9P75uaVT6yoGz2398QDDw_pb_x300.png"
"183";"Gonzalez-Byass";"Añada Palo Cortado 1987 1986";"Port";"Spain
·
Palo Cortado Sherry";"4.6";"37 ratings";"https://images.vivino.com/thumbs/hWp5yCqvRA-q12yhMwPpBw_pb_x300.png"
"184";"Ferreira";"Vintage Port 1994";"Port";"Portugal
·
Vintage Port";"4.6";"35 ratings";"https://images.vivino.com/thumbs/wavDRx4yTey_n-364AHukw_pb_x300.png"
"185";"Dow's";"Vintage Port 2013";"Port";"Portugal
·
Vintage Port";"4.6";"34 ratings";"https://images.vivino.com/thumbs/cn3BnyzeRbmnluOLoj756w_pb_x300.png"
"186";"Ramos Pinto";"Late Bottled Vintage Porto 2002";"Port";"Portugal
·
Late Bottled Vintage Port (LBV)";"4.6";"34 ratings";"https://images.vivino.com/thumbs/ElP14ofHS7SfwutMC41OzA_pb_x300.png"
"187";"Riveyrac";"Rivesaltes (Vin Doux Naturel) 1965";"Port";"France
·
Rivesaltes";"4.6";"34 ratings";"https://images.vivino.com/thumbs/eDCmEJP3T4OObe59KM3x4g_pb_x300.png"
"188";"Blandy's";"Bual Madeira 1977";"Port";"Portugal
·
Madeira";"4.6";"33 ratings";"https://images.vivino.com/thumbs/wC_R2RnFS1OCl58Z4XgtPw_pb_x300.png"
"189";"Royal Oporto";"10 Year Old Tawny Porto 2013";"Port";"Portugal
·
Aged Tawny Port";"4.6";"33 ratings";"https://images.vivino.com/thumbs/2hIdJVLGS-uhFe2O-oNghg_pb_x300.png"
"190";"Prager Winery and Port Works";"Port 2010";"Port";"United States
·
Napa Valley";"4.6";"32 ratings";"https://images.vivino.com/thumbs/Dza2Jn_fQrSk19z19o2KNw_pb_x300.png"
"191";"Niepoort";"Colheita Port 1979";"Port";"Portugal
·
Colheita Port";"4.6";"32 ratings";"https://images.vivino.com/thumbs/WveiVp21RPGjgHGudv2NuQ_pb_x300.png"
"192";"Royal Oporto";"Colheita Porto 1975";"Port";"Portugal
·
Colheita Port";"4.6";"32 ratings";"https://images.vivino.com/thumbs/QnSyShsLRguoGnjtFIQO8A_pb_x300.png"
"193";"Fonseca";"Bin 27 Finest Reserve Port 1963";"Port";"Portugal
·
Reserve Port";"4.6";"31 ratings";"https://images.vivino.com/thumbs/Wy2OhnGCSvuAolZn9V6FRw_pb_x300.png"
"194";"Barros";"Colheita Porto 1937";"Port";"Portugal
·
Colheita Port";"4.6";"31 ratings";"https://images.vivino.com/thumbs/e3HOlT52QjW-XiG4WQy-4Q_pb_x300.png"
"195";"W. & J. Graham's";"Late Bottled Vintage Port 1992";"Port";"Portugal
·
Late Bottled Vintage Port (LBV)";"4.6";"31 ratings";"https://images.vivino.com/thumbs/MV9DYVehT1yRS1QagLBznQ_pb_x300.png"
"196";"W. & J. Graham's";"Late Bottled Vintage Port 1975";"Port";"Portugal
·
Late Bottled Vintage Port (LBV)";"4.6";"31 ratings";"https://images.vivino.com/thumbs/MV9DYVehT1yRS1QagLBznQ_pb_x300.png"
"197";"Kopke";"Colheita Port 1977";"Port";"Portugal
·
Colheita Port";"4.6";"31 ratings";"https://images.vivino.com/thumbs/YDhDDXL1QQijmWvOnO418A_pb_x300.png"
"198";"Niepoort";"Colheita Port 1912";"Port";"Portugal
·
Colheita Port";"4.6";"30 ratings";"https://images.vivino.com/thumbs/WveiVp21RPGjgHGudv2NuQ_pb_x300.png"
"199";"Messias";"Porto Vintage 1977";"Port";"Portugal
·
Porto";"4.6";"30 ratings";"https://images.vivino.com/thumbs/lIlQAv5dRdmKgo8aEpGSBg_pb_x300.png"
"200";"Prager Winery and Port Works";"Aria White Port 2010";"Port";"United States
·
Napa Valley";"4.6";"30 ratings";"https://images.vivino.com/thumbs/wOD3YBq8Rey78U_oxZ7CGQ_pb_x300.png"
"201";"Toro Albalá";"Don PX Dulce de Postre 1949";"Port";"Spain
·
Montilla-Moriles";"4.6";"28 ratings";"https://images.vivino.com/thumbs/XW_2lBnYRUquE4a_litA8g_pb_x300.png"
"202";"Quinta do Noval";"Silval Vintage Port 2011";"Port";"Portugal
·
Vintage Port";"4.6";"28 ratings";"https://images.vivino.com/thumbs/XjJrO-c1RWeURDYKv_7RFw_pb_x300.png"
"203";"Campbells";"Isabella Topaque N.V.";"Port";"Australia
·
Rutherglen";"4.6";"28 ratings";"https://thumbs.vivino.com/avatars/-ma_FUPhSn-I7x9NFkkBig_50x50.jpg"
"204";"Kopke";"Vintage Port 1980";"Port";"Portugal
·
Vintage Port";"4.6";"28 ratings";"https://thumbs.vivino.com/avatars/XQEzgwu4RUyqEw952LT-iQ_50x50.jpg"
"205";"Ferreira";"Late Bottled Vintage Port 1977";"Port";"Portugal
·
Late Bottled Vintage Port (LBV)";"4.6";"27 ratings";"https://images.vivino.com/thumbs/D9u5HP0qSciYL5P2VrGD5g_pb_x300.png"
"206";"Valdespino";"Solera de Su Majestad Oloroso VORS N.V.";"Port";"Spain
·
Oloroso Sherry";"4.6";"27 ratings";"https://images.vivino.com/thumbs/4m7PEbhHTOmPWI-PXfFuxg_pb_x300.png"
"207";"Niepoort";"Late Bottled Vintage Port 1985";"Port";"Portugal
·
Late Bottled Vintage Port (LBV)";"4.6";"27 ratings";"https://images.vivino.com/thumbs/dKwIqIbTTaiHRhXi2PbPLg_pb_x300.png"
"208";"Niepoort";"Vintage Port 1977";"Port";"Portugal
·
Vintage Port";"4.6";"27 ratings";"https://images.vivino.com/thumbs/gkOzyaDKSmSxGaJDFkuSOQ_pb_x300.png"
"209";"Quinta do Silval";"Magalhães Vintage Porto 2000";"Port";"Portugal
·
Vintage Port";"4.6";"27 ratings";"https://images.vivino.com/thumbs/bRWksSH1RbKSUGvfsIHyZw_pb_x300.png"
"210";"Quinta do Noval";"Vintage Port Nacional 1964";"Port";"Portugal
·
Vintage Port";"4.6";"26 ratings";"https://images.vivino.com/thumbs/Dc4oCLqGQemNRNwH4Kjgsw_pb_x300.png"
"211";"Toro Albalá";"Don PX Pedro Ximenez Sherry 1931";"Port";"Spain
·
Pedro Ximénez Sherry (PX)";"4.6";"26 ratings";"https://images.vivino.com/thumbs/IW4LY7lKSRKNHS4xoqyO6A_pb_x300.png"
"212";"Taylor's";"Quinta de Terra Feita Vintage Port 2003";"Port";"Portugal
·
Single Quinta Vintage Port (SQVP)";"4.6";"25 ratings";"https://images.vivino.com/thumbs/ieDg5TTVTh-LckWWFTQfYg_pb_x300.png"
"213";"Taylor's";"Vintage Port N.V.";"Port";"Portugal
·
Vintage Port";"4.5";"4615 ratings";"https://images.vivino.com/thumbs/VQ7GE30GRK-SC0jUoIeT-Q_pb_x300.png"
"214";"Dow's";"Vintage Port N.V.";"Port";"Portugal
·
Vintage Port";"4.5";"3278 ratings";"https://images.vivino.com/thumbs/cn3BnyzeRbmnluOLoj756w_pb_x300.png"
"215";"W. & J. Graham's";"30 Year Old Tawny Port N.V.";"Port";"Portugal
·
Aged Tawny Port";"4.5";"1825 ratings";"https://images.vivino.com/thumbs/vXzsFi59SnWnNCngPdR7qg_pb_x300.png"
"216";"Penfolds";"Grandfather Rare Tawny N.V.";"Port";"Australia
·
Barossa";"4.5";"1082 ratings";"https://images.vivino.com/thumbs/xNROeDeOSNCGJDWUoIScUQ_pb_x300.png"
"217";"Quinta do Noval";"Vintage Port Nacional N.V.";"Port";"Portugal
·
Vintage Port";"4.5";"798 ratings";"https://images.vivino.com/thumbs/Dc4oCLqGQemNRNwH4Kjgsw_pb_x300.png"
"218";"Ramos Pinto";"30 Year Old Tawny Porto N.V.";"Port";"Portugal
·
Aged Tawny Port";"4.5";"687 ratings";"https://images.vivino.com/thumbs/muxwf7-iTzKYdAR8V4p6zA_pb_x300.png"
"219";"Taylor's";"30 Year Old Tawny Port N.V.";"Port";"Portugal
·
Aged Tawny Port";"4.5";"666 ratings";"https://images.vivino.com/thumbs/GHL1ia5gRtGVV9V3Loy0Ig_pb_x300.png"
"220";"D'Oliveiras";"Boal Madeira N.V.";"Port";"Portugal
·
Madeira";"4.5";"590 ratings";"https://images.vivino.com/thumbs/WBGlHGjoQZqcI1k9BhwChw_pb_x300.png"
"221";"Bodegas Tradición";"Pedro Ximenez 20 Years Old Vos N.V.";"Port";"Spain
·
Pedro Ximénez Sherry (PX)";"4.5";"590 ratings";"https://images.vivino.com/thumbs/16D2aIKVQ86EE0MNU2LWFw_pb_x300.png"
"222";"Taylor's";"Vintage Port 1985";"Port";"Portugal
·
Vintage Port";"4.5";"561 ratings";"https://images.vivino.com/thumbs/VQ7GE30GRK-SC0jUoIeT-Q_pb_x300.png"
"223";"Sandeman";"30 Years Old Tawny Porto N.V.";"Port";"Portugal
·
Aged Tawny Port";"4.5";"501 ratings";"https://images.vivino.com/thumbs/OTYU4qoySzyDSiZiFawcjQ_pb_x300.png"
"224";"Blandy's";"Bual Madeira N.V.";"Port";"Portugal
·
Madeira";"4.5";"477 ratings";"https://images.vivino.com/thumbs/wC_R2RnFS1OCl58Z4XgtPw_pb_x300.png"
"225";"Taylor's";"Vintage Port 2003";"Port";"Portugal
·
Vintage Port";"4.5";"477 ratings";"https://images.vivino.com/thumbs/VQ7GE30GRK-SC0jUoIeT-Q_pb_x300.png"
"226";"Kopke";"Colheita Port 1978";"Port";"Portugal
·
Colheita Port";"4.5";"391 ratings";"https://images.vivino.com/thumbs/YDhDDXL1QQijmWvOnO418A_pb_x300.png"
"227";"Taylor's";"Vintage Port 2011";"Port";"Portugal
·
Vintage Port";"4.5";"360 ratings";"https://images.vivino.com/thumbs/VQ7GE30GRK-SC0jUoIeT-Q_pb_x300.png"
"228";"W. & J. Graham's";"Vintage Port 1977";"Port";"Portugal
·
Vintage Port";"4.5";"349 ratings";"https://images.vivino.com/thumbs/Gpc2lxULRaSEuAkJjglpfg_pb_x300.png"
"229";"Dow's";"Vintage Port 1977";"Port";"Portugal
·
Vintage Port";"4.5";"282 ratings";"https://images.vivino.com/thumbs/cn3BnyzeRbmnluOLoj756w_pb_x300.png"
"230";"Warre's";"Vintage Port 1977";"Port";"Portugal
·
Vintage Port";"4.5";"268 ratings";"https://images.vivino.com/thumbs/cN21DLJiQDSFqtTn_tM8MQ_pb_x300.png"
"231";"Warre's";"Vintage Port 1985";"Port";"Portugal
·
Vintage Port";"4.5";"251 ratings";"https://images.vivino.com/thumbs/cN21DLJiQDSFqtTn_tM8MQ_pb_x300.png"
"232";"Fonseca";"Guimaraens Vintage Port 1985";"Port";"Portugal
·
Vintage Port";"4.5";"251 ratings";"https://images.vivino.com/thumbs/mcBmcODPTreYOrjvJbMMiw_pb_x300.png"
"233";"W. & J. Graham's";"Late Bottled Vintage Port 2000";"Port";"Portugal
·
Late Bottled Vintage Port (LBV)";"4.5";"230 ratings";"https://images.vivino.com/thumbs/MV9DYVehT1yRS1QagLBznQ_pb_x300.png"
"234";"Gonzalez-Byass";"Noe Pedro Ximenez 1987";"Port";"Spain
·
Jerez-Xérès-Sherry";"4.5";"230 ratings";"https://images.vivino.com/thumbs/Vg-ySCKHRB2RNSAdV4qpEg_pb_x300.png"
"235";"Riveyrac";"Rivesaltes (Vin Doux Naturel) 1975";"Port";"France
·
Rivesaltes";"4.5";"214 ratings";"https://images.vivino.com/thumbs/eDCmEJP3T4OObe59KM3x4g_pb_x300.png"
"236";"Quinta do Vallado";"Porto 40 Years Old Tawny N.V.";"Port";"Portugal
·
Porto";"4.5";"207 ratings";"https://images.vivino.com/thumbs/b9pozO4xRDqfmM0yNPP0mQ_pb_x300.png"
"237";"Taylor's";"Vintage Port 2000";"Port";"Portugal
·
Vintage Port";"4.5";"202 ratings";"https://images.vivino.com/thumbs/VQ7GE30GRK-SC0jUoIeT-Q_pb_x300.png"
"238";"Equipo Navazos";"La Bota 52 de Palo Cortado N.V.";"Port";"Spain
·
Palo Cortado Sherry";"4.5";"195 ratings";"https://images.vivino.com/thumbs/YWnnkBZQSS22BcR-hkE2rg_pb_x300.png"
"239";"W. & J. Graham's";"Vintage Port 2007";"Port";"Portugal
·
Vintage Port";"4.5";"193 ratings";"https://images.vivino.com/thumbs/Gpc2lxULRaSEuAkJjglpfg_pb_x300.png"
"240";"Royal Oporto";"20 Year Old Tawny Porto 2012";"Port";"Portugal
·
Aged Tawny Port";"4.5";"192 ratings";"https://images.vivino.com/thumbs/4usgrqCrTUKag27XkXShOw_pb_x300.png"
"241";"Churchill's";"Vintage Port 2011";"Port";"Portugal
·
Vintage Port";"4.5";"187 ratings";"https://images.vivino.com/thumbs/gNAVC4JuRr-5HZOdzmugjg_pb_x300.png"
"242";"Prager Winery and Port Works";"Paladini Vineyard Royal Escort Vintage Port N.V.";"Port";"United States
·
Napa Valley";"4.5";"182 ratings";"https://images.vivino.com/thumbs/c2ra9IJgRJuMrk1DeKB_mg_pb_x300.png"
"243";"Château Sisqueille";"Rivesaltes (Doux Naturel) N.V.";"Port";"France
·
Rivesaltes";"4.5";"178 ratings";"https://images.vivino.com/thumbs/dzd3fs-2Q8GXgaLhhafLNA_pb_x300.png"
"244";"W. & J. Graham's";"Late Bottled Vintage Port 1994";"Port";"Portugal
·
Late Bottled Vintage Port (LBV)";"4.5";"172 ratings";"https://images.vivino.com/thumbs/MV9DYVehT1yRS1QagLBznQ_pb_x300.png"
"245";"Quinta do Vallado";"Porto 30 Years Old Tawny N.V.";"Port";"Portugal
·
Porto";"4.5";"171 ratings";"https://images.vivino.com/thumbs/H2NrsJHLTV6RmiDSZkg0cg_pb_x300.png"
"246";"W. & J. Graham's";"Vintage Port 1980";"Port";"Portugal
·
Vintage Port";"4.5";"163 ratings";"https://images.vivino.com/thumbs/Gpc2lxULRaSEuAkJjglpfg_pb_x300.png"
"247";"Equipo Navazos";"La Bota 61 de Amontillado N.V.";"Port";"Spain
·
Amontillado Sherry";"4.5";"161 ratings";"https://images.vivino.com/thumbs/BlJg2S6uSvGClZFrhvSDiw_pb_x300.png"
"248";"Prager Winery and Port Works";"Noble Companion Tawny Port N.V.";"Port";"United States
·
Napa Valley";"4.5";"161 ratings";"https://images.vivino.com/thumbs/1Ous8R6yQL-JcZ-Cwz3s-g_pb_x300.png"
"249";"Perez Barquero";"La Cañada Pedro Ximénez N.V.";"Port";"Spain
·
Montilla-Moriles";"4.5";"156 ratings";"https://images.vivino.com/thumbs/CwIh7EIIQIatgVIRFVPetQ_pb_x300.png"
"250";"Taylor's";"Vintage Port 1997";"Port";"Portugal
·
Vintage Port";"4.5";"154 ratings";"https://images.vivino.com/thumbs/VQ7GE30GRK-SC0jUoIeT-Q_pb_x300.png"
"251";"Quinta do Vale Meão";"Vintage Port 2011";"Port";"Portugal
·
Vintage Port";"4.5";"153 ratings";"https://images.vivino.com/thumbs/u-NDTJBtQNCqj8MR2_-14w_pb_x300.png"
"252";"D'Oliveiras";"Boal Madeira 1968";"Port";"Portugal
·
Madeira";"4.5";"145 ratings";"https://images.vivino.com/thumbs/WBGlHGjoQZqcI1k9BhwChw_pb_x300.png"
"253";"Kopke";"Colheita Port 1979";"Port";"Portugal
·
Colheita Port";"4.5";"142 ratings";"https://images.vivino.com/thumbs/YDhDDXL1QQijmWvOnO418A_pb_x300.png"
"254";"Fonseca";"Bin 27 Finest Reserve Port 1977";"Port";"Portugal
·
Reserve Port";"4.5";"140 ratings";"https://images.vivino.com/thumbs/Wy2OhnGCSvuAolZn9V6FRw_pb_x300.png"
"255";"Royal Oporto";"20 Year Old Tawny Porto 2008";"Port";"Portugal
·
Aged Tawny Port";"4.5";"139 ratings";"https://images.vivino.com/thumbs/4usgrqCrTUKag27XkXShOw_pb_x300.png"
"256";"Quinta do Portal";"Porto Aged Tawny 40 Years Old N.V.";"Port";"Portugal
·
Porto";"4.5";"138 ratings";"https://images.vivino.com/thumbs/E5JztZDJQLigVquMVtC73Q_pb_x300.png"
"257";"Fonseca";"Vintage Port 1985";"Port";"Portugal
·
Vintage Port";"4.5";"134 ratings";"https://images.vivino.com/thumbs/JEsF37XFTvKEc9o64YCCrA_pb_x300.png"
"258";"José Maria da Fonseca";"Domingos Soares Franco Colecção Privada Moscatel de Setúbal 2002";"Port";"Portugal
·
Setúbal";"4.4";"129 ratings";"https://images.vivino.com/highlights/icon/top_ranked.svg"
"259";"Butler Nephew";"20 Years Old Prestige Port N.V.";"Port";"Portugal
·
Aged Tawny Port";"4.5";"127 ratings";"https://images.vivino.com/thumbs/GvwKJ_sbT1SVnl9yNTSlqw_pb_x300.png"
"260";"C. da Silva";"Dalva Colheita Porto 1967";"Port";"Portugal
·
Colheita Port";"4.5";"122 ratings";"https://images.vivino.com/thumbs/BUff0jSqSNGoWmyG8G8kYg_pb_x300.png"
"261";"Toro Albalá";"Don PX Dulce de Postre N.V.";"Port";"Spain
·
Montilla-Moriles";"4.5";"122 ratings";"https://images.vivino.com/thumbs/XW_2lBnYRUquE4a_litA8g_pb_x300.png"
"262";"Harveys";"30 Years VORS Pedro Ximénez Sherry N.V.";"Port";"Spain
·
Pedro Ximénez Sherry (PX)";"4.5";"120 ratings";"https://images.vivino.com/thumbs/S8F0TzJDSCmviqNBIK1p_A_pb_x300.png"
"263";"W. & J. Graham's";"Vintage Port 2001";"Port";"Portugal
·
Vintage Port";"4.5";"116 ratings";"https://images.vivino.com/thumbs/Gpc2lxULRaSEuAkJjglpfg_pb_x300.png"
"264";"Toro Albalá";"Don PX Gran Reserva 1979";"Port";"Spain
·
Montilla-Moriles";"4.5";"114 ratings";"https://images.vivino.com/thumbs/qAad7NzITH-si06g3x-uQQ_pb_x300.png"
"265";"Warre's";"Vintage Port 1970";"Port";"Portugal
·
Vintage Port";"4.5";"112 ratings";"https://images.vivino.com/thumbs/cN21DLJiQDSFqtTn_tM8MQ_pb_x300.png"
"266";"Kopke";"Colheita Port 1980";"Port";"Portugal
·
Colheita Port";"4.5";"111 ratings";"https://images.vivino.com/thumbs/YDhDDXL1QQijmWvOnO418A_pb_x300.png"
"267";"Quinta do Noval";"Vintage Port 2003";"Port";"Portugal
·
Vintage Port";"4.5";"111 ratings";"https://images.vivino.com/thumbs/y9P75uaVT6yoGz2398QDDw_pb_x300.png"
"268";"Krohn";"Colheita Porto 1978";"Port";"Portugal
·
Colheita Port";"4.5";"109 ratings";"https://images.vivino.com/thumbs/5Jex0HJzQi6aK_UZHXtQtA_pb_x300.png"
"269";"Gonzalez-Byass";"Añada Palo Cortado 1987 N.V.";"Port";"Spain
·
Palo Cortado Sherry";"4.5";"108 ratings";"https://images.vivino.com/thumbs/hWp5yCqvRA-q12yhMwPpBw_pb_x300.png"
"270";"Ferreira";"Vintage Port 2011";"Port";"Portugal
·
Vintage Port";"4.5";"104 ratings";"https://images.vivino.com/thumbs/wavDRx4yTey_n-364AHukw_pb_x300.png"
"271";"D'Oliveiras";"Terrantez Madeira 1977";"Port";"Portugal
·
Madeira";"4.5";"96 ratings";"https://images.vivino.com/thumbs/Yi8p1ERwT3OGBlKNy9gkDg_pb_x300.png"
"272";"Dow's";"Vintage Port 1980";"Port";"Portugal
·
Vintage Port";"4.5";"93 ratings";"https://images.vivino.com/thumbs/cn3BnyzeRbmnluOLoj756w_pb_x300.png"
"273";"Penfolds";"Grandfather Rare Tawny 2013";"Port";"Australia
·
Barossa";"4.5";"92 ratings";"https://images.vivino.com/thumbs/xNROeDeOSNCGJDWUoIScUQ_pb_x300.png"
"274";"Warre's";"Late Bottled Vintage Port 1987";"Port";"Portugal
·
Late Bottled Vintage Port (LBV)";"4.5";"90 ratings";"https://images.vivino.com/thumbs/X-0G6Z7rT5qkRNcNfT1hRw_pb_x300.png"
"275";"Rozès";"Port Over 40 Years Old N.V.";"Port";"Portugal
·
Porto";"4.5";"87 ratings";"https://images.vivino.com/thumbs/c9DGTc4EQpOkjjnAf9pjEw_pb_x300.png"
"276";"Harveys";"30 Years VORS Pedro Ximénez Sherry 2008";"Port";"Spain
·
Pedro Ximénez Sherry (PX)";"4.5";"86 ratings";"https://images.vivino.com/thumbs/S8F0TzJDSCmviqNBIK1p_A_pb_x300.png"
"277";"Kopke";"Vintage Port 1985";"Port";"Portugal
·
Vintage Port";"4.5";"85 ratings";"https://images.vivino.com/thumbs/vmFQ_99RS0qDz_VEaqp7gQ_pb_x300.png"
"278";"Quinta do Vallado";"Adelaide Vintage Port 2011";"Port";"Portugal
·
Porto";"4.5";"84 ratings";"https://images.vivino.com/thumbs/G1OEmlopQOine-UC8s2XQw_pb_x300.png"
"279";"W. & J. Graham's";"Vintage Port The Stone Terraces N.V.";"Port";"Portugal
·
Vintage Port";"4.5";"84 ratings";"https://images.vivino.com/thumbs/STxiyXaERo6nxhbfEne7Ng_pb_x300.png"
"280";"Taylor's";"20 Year Old Tawny Port 2014";"Port";"Portugal
·
Aged Tawny Port";"4.5";"83 ratings";"https://images.vivino.com/thumbs/u5NnTZzlQgaXvbHIxFmMwA_pb_x300.png"
"281";"J.W. Hart";"Porto N.V.";"Port";"Portugal
·
Colheita Port";"4.5";"82 ratings";"https://images.vivino.com/thumbs/uLkF7dLKTSW416uWmO4Dmg_pb_x300.png"
"282";"Kopke";"Colheita Port 1976";"Port";"Portugal
·
Colheita Port";"4.5";"82 ratings";"https://images.vivino.com/thumbs/YDhDDXL1QQijmWvOnO418A_pb_x300.png"
"283";"Quinta do Crasto";"Vintage Port 2005";"Port";"Portugal
·
Single Quinta Vintage Port (SQVP)";"4.5";"81 ratings";"https://images.vivino.com/thumbs/0wmDp5mrR0-WSNkWpCFIvg_pb_x300.png"
"284";"Fonseca";"Vintage Port 2000";"Port";"Portugal
·
Vintage Port";"4.5";"80 ratings";"https://images.vivino.com/thumbs/Ti4juu1PQKSxF0Ni9yMS5A_pb_x300.png"
"285";"Quinta do Noval";"Port Tawny Colheita 1986";"Port";"Portugal
·
Colheita Port";"4.5";"79 ratings";"https://images.vivino.com/thumbs/jyuwaX9rTniqvT8Yf6GQqQ_pb_x300.png"
"286";"Vista Alegre";"Over 40 Year Old Tawny Port N.V.";"Port";"Portugal
·
Aged Tawny Port";"4.5";"79 ratings";"https://images.vivino.com/thumbs/AkV_77K3Srm2PMEpMmnxOw_pb_x300.png"
"287";"Warre's";"Late Bottled Vintage Port 1980";"Port";"Portugal
·
Late Bottled Vintage Port (LBV)";"4.5";"78 ratings";"https://images.vivino.com/thumbs/X-0G6Z7rT5qkRNcNfT1hRw_pb_x300.png"
"288";"Taylor's";"20 Year Old Tawny Port 2017";"Port";"Portugal
·
Aged Tawny Port";"4.5";"78 ratings";"https://images.vivino.com/thumbs/u5NnTZzlQgaXvbHIxFmMwA_pb_x300.png"
"289";"Real Companhia Velha";"Vintage Port 1982";"Port";"Portugal
·
Vintage Port";"4.5";"77 ratings";"https://images.vivino.com/thumbs/ZRuqQhQ3QuK3aK5kZ1Pq_A_pb_x300.png"
"290";"Alvear";"Solera 1830 Pedro Ximénez N.V.";"Port";"Spain
·
Montilla-Moriles";"4.5";"77 ratings";"https://images.vivino.com/thumbs/sJCVp3-0SriyjHi-Hzll0A_pb_x300.png"
"291";"Taylor's";"Quinta de Vargellas Vintage Port 1991";"Port";"Portugal
·
Single Quinta Vintage Port (SQVP)";"4.5";"77 ratings";"https://images.vivino.com/thumbs/XrqTj3U8RnSG4QVQY1b6ww_pb_x300.png"
"292";"Borges";"Vintage Port 1985";"Port";"Portugal
·
Vintage Port";"4.5";"75 ratings";"https://images.vivino.com/thumbs/pa1p0r2oSVCNZjXWhV6gTg_pb_x300.png"
"293";"Toro Albalá";"Don PX Pedro Ximenez Sherry 1986";"Port";"Spain
·
Pedro Ximénez Sherry (PX)";"4.5";"74 ratings";"https://images.vivino.com/thumbs/IW4LY7lKSRKNHS4xoqyO6A_pb_x300.png"
"294";"W. & J. Graham's";"Quinta dos Malvedos Vintage Port 1998";"Port";"Portugal
·
Single Quinta Vintage Port (SQVP)";"4.5";"73 ratings";"https://images.vivino.com/thumbs/jqIxs-4LS967A8GFnA-dJA_pb_x300.png"
"295";"Toro Albalá";"Don PX Gran Reserva 1972";"Port";"Spain
·
Montilla-Moriles";"4.5";"72 ratings";"https://images.vivino.com/thumbs/qAad7NzITH-si06g3x-uQQ_pb_x300.png"
"296";"Quinta do Noval";"Port Tawny Colheita 1976";"Port";"Portugal
·
Colheita Port";"4.5";"71 ratings";"https://images.vivino.com/thumbs/jyuwaX9rTniqvT8Yf6GQqQ_pb_x300.png"
"297";"Riveyrac";"Rivesaltes (Vin Doux Naturel) 1968";"Port";"France
·
Rivesaltes";"4.5";"71 ratings";"https://images.vivino.com/thumbs/eDCmEJP3T4OObe59KM3x4g_pb_x300.png"
"298";"Poças";"Colheita Porto 1967";"Port";"Portugal
·
Porto";"4.5";"70 ratings";"https://images.vivino.com/thumbs/zCk-_J_gTbex5RafB5gB0A_pb_x300.png"
"299";"Cálem";"Porto Tawny Colheita 1961";"Port";"Portugal
·
Porto";"4.5";"70 ratings";"https://images.vivino.com/thumbs/fWfW5oZuQMu-fxJWHg5u8g_pb_x300.png"
"300";"Butler Nephew";"20 Years Old Prestige Port 2016";"Port";"Portugal
·
Aged Tawny Port";"4.5";"66 ratings";"https://images.vivino.com/thumbs/GvwKJ_sbT1SVnl9yNTSlqw_pb_x300.png"
"301";"W. & J. Graham's";"Late Bottled Vintage Port 1999";"Port";"Portugal
·
Late Bottled Vintage Port (LBV)";"4.5";"66 ratings";"https://images.vivino.com/thumbs/MV9DYVehT1yRS1QagLBznQ_pb_x300.png"
"302";"Quinta do Vallado";"Adelaide Vintage Port 2009";"Port";"Portugal
·
Porto";"4.5";"65 ratings";"https://images.vivino.com/thumbs/G1OEmlopQOine-UC8s2XQw_pb_x300.png"
"303";"Burmester";"30 Year Old Tawny Port 2008";"Port";"Portugal
·
Aged Tawny Port";"4.5";"65 ratings";"https://images.vivino.com/thumbs/9P6JypClQKSGPD2Cc51DPQ_pb_x300.png"
"304";"Warre's";"Late Bottled Vintage Port 1983";"Port";"Portugal
·
Late Bottled Vintage Port (LBV)";"4.5";"65 ratings";"https://images.vivino.com/thumbs/X-0G6Z7rT5qkRNcNfT1hRw_pb_x300.png"
"305";"Gould Campbell";"Vintage Port 1977";"Port";"Portugal
·
Vintage Port";"4.5";"64 ratings";"https://images.vivino.com/thumbs/xDsJDO-6QFWspMRM8Qj81Q_pb_x300.png"
"306";"Warre's";"Late Bottled Vintage Port 1982";"Port";"Portugal
·
Late Bottled Vintage Port (LBV)";"4.5";"63 ratings";"https://images.vivino.com/thumbs/X-0G6Z7rT5qkRNcNfT1hRw_pb_x300.png"
"307";"Pojer e Sandri";"Merlino Rosso Fortificato 2006";"Port";"Italy
·
Vigneti delle Dolomiti";"4.5";"64 ratings";"https://images.vivino.com/thumbs/sz5Q_E6sT4mB1m2G_yxzBg_pb_x300.png"
"308";"Taylor's";"Quinta de Vargellas Vintage Port 2014";"Port";"Portugal
·
Single Quinta Vintage Port (SQVP)";"4.5";"60 ratings";"https://images.vivino.com/thumbs/XrqTj3U8RnSG4QVQY1b6ww_pb_x300.png"
"309";"Sandeman";"Vintage Port 2011";"Port";"Portugal
·
Vintage Port";"4.5";"56 ratings";"https://images.vivino.com/thumbs/Q2wT8OiETQCeGblJycDHDQ_pb_x300.png"
"310";"Quinta do Noval";"Silval Vintage Port 1997";"Port";"Portugal
·
Vintage Port";"4.5";"56 ratings";"https://images.vivino.com/thumbs/XjJrO-c1RWeURDYKv_7RFw_pb_x300.png"
"311";"Cálem";"Late Bottled Vintage Port 1987";"Port";"Portugal
·
Late Bottled Vintage Port (LBV)";"4.5";"55 ratings";"https://images.vivino.com/thumbs/KpntxbdWRKO1nLlM8m6Q3Q_pb_x300.png"
"312";"W. & J. Graham's";"Vintage Port 1963";"Port";"Portugal
·
Vintage Port";"4.5";"55 ratings";"https://images.vivino.com/thumbs/Gpc2lxULRaSEuAkJjglpfg_pb_x300.png"
"313";"Ferreira";"Vintage Port 1985";"Port";"Portugal
·
Vintage Port";"4.5";"55 ratings";"https://images.vivino.com/thumbs/wavDRx4yTey_n-364AHukw_pb_x300.png"
"314";"Barros";"Colheita Porto 1984";"Port";"Portugal
·
Colheita Port";"4.5";"55 ratings";"https://images.vivino.com/thumbs/e3HOlT52QjW-XiG4WQy-4Q_pb_x300.png"
"315";"W. & J. Graham's";"Late Bottled Vintage Port 1991";"Port";"Portugal
·
Late Bottled Vintage Port (LBV)";"4.5";"54 ratings";"https://images.vivino.com/thumbs/MV9DYVehT1yRS1QagLBznQ_pb_x300.png"
"316";"Terres des Templiers";"Cuvée Viviane Le Roy Banyuls Grand Cru N.V.";"Port";"France
·
Banyuls Grand Cru";"4.5";"56 ratings";"https://images.vivino.com/thumbs/KoFbLUetQIiKVjWtdy0IWg_pb_x300.png"
"317";"Real Companhia Velha";"Vintage Port 1980";"Port";"Portugal
·
Vintage Port";"4.5";"53 ratings";"https://images.vivino.com/thumbs/ZRuqQhQ3QuK3aK5kZ1Pq_A_pb_x300.png"
"318";"Warre's";"Vintage Port 1966";"Port";"Portugal
·
Vintage Port";"4.5";"53 ratings";"https://images.vivino.com/thumbs/cN21DLJiQDSFqtTn_tM8MQ_pb_x300.png"
"319";"Royal Oporto";"20 Year Old Tawny Porto 2014";"Port";"Portugal
·
Aged Tawny Port";"4.4";"55 ratings";"https://images.vivino.com/thumbs/4usgrqCrTUKag27XkXShOw_pb_x300.png"
"320";"Osborne";"Pedro Ximenez Viejo Rare Sherry N.V.";"Port";"Spain
·
Jerez-Xérès-Sherry";"4.5";"52 ratings";"https://images.vivino.com/thumbs/HTQ6du_CT96fizfkI1k_yA_pb_x300.png"
"321";"Kopke";"Colheita Port 1982";"Port";"Portugal
·
Colheita Port";"4.5";"52 ratings";"https://images.vivino.com/thumbs/YDhDDXL1QQijmWvOnO418A_pb_x300.png"
"322";"Pacheca";"Vintage Port 2000";"Port";"Portugal
·
Vintage Port";"4.5";"51 ratings";"https://images.vivino.com/thumbs/UbWrWTUITqOVlKWHU31A_g_pb_x300.png"
"323";"Quinta do Noval";"Vintage Port Nacional 1963";"Port";"Portugal
·
Vintage Port";"4.5";"51 ratings";"https://images.vivino.com/thumbs/Dc4oCLqGQemNRNwH4Kjgsw_pb_x300.png"
"324";"Alvear";"Solera Fundación Amontillado N.V.";"Port";"Spain
·
Montilla-Moriles";"4.5";"51 ratings";"https://images.vivino.com/thumbs/uppE_j3NTOWmkFmraMHxgA_pb_x300.png"
"325";"Dow's";"Late Bottled Vintage Port 1996";"Port";"Portugal
·
Late Bottled Vintage Port (LBV)";"4.5";"50 ratings";"https://images.vivino.com/thumbs/6ACkfhM0Qt6X7PgbPMYprQ_pb_x300.png"
"326";"W. & J. Graham's";"Late Bottled Vintage Port 1980";"Port";"Portugal
·
Late Bottled Vintage Port (LBV)";"4.5";"50 ratings";"https://images.vivino.com/thumbs/MV9DYVehT1yRS1QagLBznQ_pb_x300.png"
"327";"Dow's";"Late Bottled Vintage Port 2013";"Port";"Portugal
·
Late Bottled Vintage Port (LBV)";"4.5";"49 ratings";"https://images.vivino.com/thumbs/6ACkfhM0Qt6X7PgbPMYprQ_pb_x300.png"
"328";"Sandeman";"Vintage Port 1977";"Port";"Portugal
·
Vintage Port";"4.5";"49 ratings";"https://images.vivino.com/thumbs/Q2wT8OiETQCeGblJycDHDQ_pb_x300.png"
"329";"Ferreira";"Vintage Port 1982";"Port";"Portugal
·
Vintage Port";"4.5";"49 ratings";"https://images.vivino.com/thumbs/wavDRx4yTey_n-364AHukw_pb_x300.png"
"330";"Sandeman";"Vintage Port 1994";"Port";"Portugal
·
Vintage Port";"4.5";"49 ratings";"https://images.vivino.com/thumbs/Q2wT8OiETQCeGblJycDHDQ_pb_x300.png"
"331";"Quinta do Vesuvio";"Vintage Port 1992";"Port";"Portugal
·
Single Quinta Vintage Port (SQVP)";"4.5";"46 ratings";"https://images.vivino.com/thumbs/6nJ5LlAeS2y0dnjZRreZOA_pb_x300.png"
"332";"Fonseca";"Guimaraens Vintage Port 1978";"Port";"Portugal
·
Vintage Port";"4.5";"46 ratings";"https://images.vivino.com/thumbs/mcBmcODPTreYOrjvJbMMiw_pb_x300.png"
"333";"Kopke";"Colheita Port 1992";"Port";"Portugal
·
Colheita Port";"4.5";"46 ratings";"https://images.vivino.com/thumbs/YDhDDXL1QQijmWvOnO418A_pb_x300.png"
"334";"Blandy's";"Bual Madeira 1969";"Port";"Portugal
·
Madeira";"4.5";"44 ratings";"https://images.vivino.com/thumbs/wC_R2RnFS1OCl58Z4XgtPw_pb_x300.png"
"335";"Quinta do Noval";"Vintage Port 1994";"Port";"Portugal
·
Vintage Port";"4.5";"43 ratings";"https://images.vivino.com/thumbs/y9P75uaVT6yoGz2398QDDw_pb_x300.png"
"336";"Alchemy Wines";"20 Anos Port 2014";"Port";"Portugal
·
Aged Tawny Port";"4.5";"43 ratings";"https://images.vivino.com/thumbs/Op0SqadARLakjRwQnqUlvA_pb_x300.png"
"337";"Croft";"Late Bottled Vintage Port 1977";"Port";"Portugal
·
Late Bottled Vintage Port (LBV)";"4.5";"42 ratings";"https://images.vivino.com/thumbs/RPj7XZEcRSSJFdExIBiuBg_pb_x300.png"
"338";"Quevedo";"Vintage Port 2011";"Port";"Portugal
·
Vintage Port";"4.5";"42 ratings";"https://images.vivino.com/thumbs/KBMuddpRRmiitLSNOhs10w_pb_x300.png"
"339";"Cockburn's";"Vintage Port 2007";"Port";"Portugal
·
Vintage Port";"4.5";"42 ratings";"https://images.vivino.com/thumbs/cpjOcxyxQC2tEzReVVxc4w_pb_x300.png"
"340";"Toro Albalá";"Don PX Gran Reserva 1975";"Port";"Spain
·
Montilla-Moriles";"4.5";"41 ratings";"https://images.vivino.com/thumbs/qAad7NzITH-si06g3x-uQQ_pb_x300.png"
"341";"Kopke";"Colheita Port 1938";"Port";"Portugal
·
Colheita Port";"4.5";"41 ratings";"https://images.vivino.com/thumbs/YDhDDXL1QQijmWvOnO418A_pb_x300.png"
"342";"Quinta do Estanho";"Vintage Port 1990";"Port";"Portugal
·
Vintage Port";"4.5";"40 ratings";"https://images.vivino.com/thumbs/-ReKVfP9Tb21VtDpAiJpYg_pb_x300.png"
"343";"W. & J. Graham's";"30 Year Old Tawny Port 2014";"Port";"Portugal
·
Aged Tawny Port";"4.5";"40 ratings";"https://images.vivino.com/thumbs/vXzsFi59SnWnNCngPdR7qg_pb_x300.png"
"344";"Toro Albalá";"Marqués de Poley Amontillado Selección 1951 1951";"Port";"Spain
·
Montilla-Moriles";"4.5";"40 ratings";"https://images.vivino.com/thumbs/Go_vGIKoQRSAXASFmRjjKQ_pb_x300.png"
"345";"Equipo Navazos";"La Bota 48 de Palo Cortado N.V.";"Port";"Spain
·
Palo Cortado Sherry";"4.5";"39 ratings";"https://images.vivino.com/thumbs/grR62rTiReeM65Nlc1icCQ_pb_x300.png"
"346";"Niepoort";"Colheita Port 1952";"Port";"Portugal
·
Colheita Port";"4.5";"39 ratings";"https://images.vivino.com/thumbs/WveiVp21RPGjgHGudv2NuQ_pb_x300.png"
"347";"Quinta do Noval";"Vintage Port 2016";"Port";"Portugal
·
Vintage Port";"4.5";"38 ratings";"https://images.vivino.com/thumbs/y9P75uaVT6yoGz2398QDDw_pb_x300.png"
"348";"Boplaas";"Cape Vintage Reserve Port 2009";"Port";"South Africa
·
Western Cape";"4.5";"38 ratings";"https://images.vivino.com/thumbs/8ddLYDjnRNCPxXo-4PGwhw_pb_x300.png"
"349";"D'Oliveiras";"Terrantez Madeira 1971";"Port";"Portugal
·
Madeira";"4.5";"38 ratings";"https://images.vivino.com/thumbs/Yi8p1ERwT3OGBlKNy9gkDg_pb_x300.png"
"350";"Messias";"Porto Colheita 1977";"Port";"Portugal
·
Porto";"4.5";"37 ratings";"https://images.vivino.com/thumbs/CZtaxwKgQImrT85PfNcRzg_pb_x300.png"
"351";"Casa Santa Eufemia";"30 Anos Porto N.V.";"Port";"Portugal
·
Porto";"4.5";"37 ratings";"https://images.vivino.com/thumbs/9KeIZuugSJSefPsl_DtB_Q_pb_x300.png"
"352";"Riveyrac";"Rivesaltes (Vin Doux Naturel) 1966";"Port";"France
·
Rivesaltes";"4.5";"37 ratings";"https://images.vivino.com/thumbs/eDCmEJP3T4OObe59KM3x4g_pb_x300.png"
"353";"Barros";"Colheita Porto 1980";"Port";"Portugal
·
Colheita Port";"4.5";"36 ratings";"https://images.vivino.com/thumbs/e3HOlT52QjW-XiG4WQy-4Q_pb_x300.png"
"354";"Niepoort";"Porto 30 Years Old Tawny 2014";"Port";"Portugal
·
Porto";"4.5";"36 ratings";"https://images.vivino.com/thumbs/dhxu9BSGTE6JM2NohLqkUA_pb_x300.png"
"355";"Quinta do Vesuvio";"Vintage Port 1990";"Port";"Portugal
·
Single Quinta Vintage Port (SQVP)";"4.5";"35 ratings";"https://images.vivino.com/thumbs/6nJ5LlAeS2y0dnjZRreZOA_pb_x300.png"
"356";"Royal Oporto";"20 Year Old Tawny Porto 2011";"Port";"Portugal
·
Aged Tawny Port";"4.5";"34 ratings";"https://images.vivino.com/thumbs/4usgrqCrTUKag27XkXShOw_pb_x300.png"
"357";"Lustau";"Añada Rich Oloroso Abocado Vintage Sherry 2017";"Port";"Spain
·
Jerez-Xérès-Sherry";"4.5";"34 ratings";"https://images.vivino.com/thumbs/FcAaIL9mR-6AmFLf6qJMJg_pb_x300.png"
"358";"Cantine Intorcia";"3 Gen Marsala Superiore Riserva Ambra Dolce N.V.";"Port";"Italy
·
Marsala";"4.5";"34 ratings";"https://images.vivino.com/thumbs/Me7qpAl5Q12lGJEZouAphw_pb_x300.png"
"359";"Burmester";"Vintage Port 1963";"Port";"Portugal
·
Vintage Port";"4.5";"30 ratings";"https://images.vivino.com/thumbs/dI9mUx0NQPKDrUj3wyazYw_pb_x300.png"
"360";"Dow's";"Late Bottled Vintage Port 1975";"Port";"Portugal
·
Late Bottled Vintage Port (LBV)";"4.5";"30 ratings";"https://images.vivino.com/thumbs/6ACkfhM0Qt6X7PgbPMYprQ_pb_x300.png"
"361";"Quinta do Infantado";"Vintage Port 1981";"Port";"Portugal
·
Vintage Port";"4.5";"30 ratings";"https://images.vivino.com/thumbs/v8D4eq3DTwu4sjnSEWpe0A_pb_x300.png"
"362";"Quinta do Noval";"Silval Vintage Port 2002";"Port";"Portugal
·
Vintage Port";"4.5";"30 ratings";"https://images.vivino.com/thumbs/XjJrO-c1RWeURDYKv_7RFw_pb_x300.png"
"363";"Quinta de Roriz";"Vintage Port 2011";"Port";"Portugal
·
Single Quinta Vintage Port (SQVP)";"4.5";"29 ratings";"https://images.vivino.com/thumbs/6bq2LTopSEqt9Aq0m4VG9w_pb_x300.png"
"364";"W. & J. Graham's";"Quinta dos Malvedos Vintage Port 1986";"Port";"Portugal
·
Single Quinta Vintage Port (SQVP)";"4.5";"29 ratings";"https://images.vivino.com/thumbs/jqIxs-4LS967A8GFnA-dJA_pb_x300.png"
"365";"Delaforce";"Vintage Port 2011";"Port";"Portugal
·
Vintage Port";"4.5";"29 ratings";"https://images.vivino.com/thumbs/xlIGxjHaQCe1qnq1Sh8y6w_pb_x300.png"
"366";"W. & J. Graham's";"Vintage Port The Stone Terraces 2015";"Port";"Portugal
·
Vintage Port";"4.5";"29 ratings";"https://images.vivino.com/thumbs/STxiyXaERo6nxhbfEne7Ng_pb_x300.png"
"367";"W. & J. Graham's";"Vintage Port Diamond Jubilee Colheita N.V.";"Port";"Portugal
·
Vintage Port";"4.6";"31 ratings";"https://images.vivino.com/thumbs/7aw6uulrTeGOESqG1cuQig_pb_x300.png"
"368";"Sandeman";"30 Years Old Tawny Porto 2014";"Port";"Portugal
·
Aged Tawny Port";"4.5";"29 ratings";"https://images.vivino.com/thumbs/OTYU4qoySzyDSiZiFawcjQ_pb_x300.png"
"369";"Dow's";"Late Bottled Vintage Port 1983";"Port";"Portugal
·
Late Bottled Vintage Port (LBV)";"4.5";"29 ratings";"https://images.vivino.com/thumbs/6ACkfhM0Qt6X7PgbPMYprQ_pb_x300.png"
"370";"Ferreira";"Quinta do Porto Vintage Port 2015";"Port";"Portugal
·
Vintage Port";"4.5";"28 ratings";"https://images.vivino.com/thumbs/DBEivyIYQ5eJ4kYwN4K3Qg_pb_x300.png"
"371";"Churchill's";"Late Bottled Vintage Port 1999";"Port";"Portugal
·
Late Bottled Vintage Port (LBV)";"4.5";"28 ratings";"https://images.vivino.com/thumbs/0RH14K-8R9Cx27CfwNTc0w_pb_x300.png"
"372";"Niepoort";"Vintage Port 1970";"Port";"Portugal
·
Vintage Port";"4.5";"28 ratings";"https://images.vivino.com/thumbs/gkOzyaDKSmSxGaJDFkuSOQ_pb_x300.png"
"373";"Château Sisqueille";"Rivesaltes (Doux Naturel) 1936";"Port";"France
·
Rivesaltes";"4.5";"28 ratings";"https://images.vivino.com/thumbs/dzd3fs-2Q8GXgaLhhafLNA_pb_x300.png"
"374";"Ferreira";"Vintage Port 1963";"Port";"Portugal
·
Vintage Port";"4.5";"28 ratings";"https://images.vivino.com/thumbs/wavDRx4yTey_n-364AHukw_pb_x300.png"
"375";"Warre's";"Quinta da Cavadinha Vintage Port 1995";"Port";"Portugal
·
Single Quinta Vintage Port (SQVP)";"4.5";"28 ratings";"https://images.vivino.com/thumbs/dyJfbYXZQ4mkaMiQjSsY8Q_pb_x300.png"
"376";"Quinta do Noval";"Vintage Port 1966";"Port";"Portugal
·
Vintage Port";"4.5";"28 ratings";"https://images.vivino.com/thumbs/c-3lGDydTm6clj54mwXiUQ_pb_x300.png"
"377";"Augusto's";"Vintage Porto 1996";"Port";"Portugal
·
Vintage Port";"4.5";"27 ratings";"https://thumbs.vivino.com/avatars/0nWIXgXFRZS6UBuZ-zMeSg_50x50.jpg"
"378";"Penfolds";"50 Year Old Rare Tawny N.V.";"Port";"Australia
·
South Australia";"4.5";"27 ratings";"https://images.vivino.com/thumbs/1GeuZNtSQW6b5HewxCG3UQ_pb_x300.png"
"379";"Churchill's";"Quinta Da Gricha Vintage Port 2003";"Port";"Portugal
·
Vintage Port";"4.5";"27 ratings";"https://images.vivino.com/thumbs/_XTFnal-QgukWyWyiLMpmg_pb_x300.png"
"380";"Quinta do Noval";"Vintage Port 1997";"Port";"Portugal
·
Vintage Port";"4.5";"27 ratings";"https://images.vivino.com/thumbs/y9P75uaVT6yoGz2398QDDw_pb_x300.png"
"381";"Burmester";"Vintage Port 1989";"Port";"Portugal
·
Vintage Port";"4.5";"26 ratings";"https://images.vivino.com/thumbs/dI9mUx0NQPKDrUj3wyazYw_pb_x300.png"
"382";"Hutcheson Feuerheerd & Associados";"Colheita Porto 1975";"Port";"Portugal
·
Colheita Port";"4.5";"26 ratings";"https://images.vivino.com/thumbs/1VWHo4mPQ4G5Si4OqvVqLA_pb_x300.png"
"383";"Quinta de S. José";"S.J Single Vintage Port 2009";"Port";"Portugal
·
Vintage Port";"4.5";"26 ratings";"https://images.vivino.com/thumbs/AJm0p_pwTeS1DGMqR6qXSQ_pb_x300.png"
"384";"Alves de Sousa";"Quinta da Gaivosa Vintage Porto 2012";"Port";"Portugal
·
Vintage Port";"4.5";"26 ratings";"https://images.vivino.com/thumbs/VtiiT_3nQACmJH6Tx_FP_w_pb_x300.png"
"385";"Messias";"Porto Vintage 2011";"Port";"Portugal
·
Porto";"4.5";"26 ratings";"https://images.vivino.com/thumbs/lIlQAv5dRdmKgo8aEpGSBg_pb_x300.png"
"386";"Delaforce";"Vintage Port 1966";"Port";"Portugal
·
Vintage Port";"4.5";"25 ratings";"https://images.vivino.com/thumbs/xlIGxjHaQCe1qnq1Sh8y6w_pb_x300.png"
"387";"Niepoort";"V V Very Old Tawny Port N.V.";"Port";"Portugal
·
Tawny Port";"4.5";"25 ratings";"https://images.vivino.com/thumbs/0wu6mlhxSmWELBXs9InLKQ_pb_x300.png"
"388";"Wine & Soul";"Pintas Vintage Port 2007";"Port";"Portugal
·
Porto";"4.5";"25 ratings";"https://images.vivino.com/thumbs/iQlj-yPWQXy-XdKlHaW3IQ_pb_x300.png"
"389";"Blandy's";"Sercial Madeira 1975";"Port";"Portugal
·
Madeira";"4.5";"25 ratings";"https://images.vivino.com/thumbs/UHc6Jfa7TImZcuaoK0vSVg_pb_x300.png"
"390";"Toro Albalá";"Don PX Gran Reserva N.V.";"Port";"Spain
·
Montilla-Moriles";"4.4";"5229 ratings";"https://images.vivino.com/thumbs/qAad7NzITH-si06g3x-uQQ_pb_x300.png"
"391";"W. & J. Graham's";"Vintage Port N.V.";"Port";"Portugal
·
Vintage Port";"4.4";"4003 ratings";"https://images.vivino.com/thumbs/Gpc2lxULRaSEuAkJjglpfg_pb_x300.png"
"392";"Warre's";"Vintage Port N.V.";"Port";"Portugal
·
Vintage Port";"4.4";"2013 ratings";"https://images.vivino.com/thumbs/cN21DLJiQDSFqtTn_tM8MQ_pb_x300.png"
"393";"Quinta do Vesuvio";"Vintage Port N.V.";"Port";"Portugal
·
Single Quinta Vintage Port (SQVP)";"4.4";"1882 ratings";"https://images.vivino.com/thumbs/6nJ5LlAeS2y0dnjZRreZOA_pb_x300.png"
"394";"Gonzalez-Byass";"Noe Pedro Ximenez N.V.";"Port";"Spain
·
Jerez-Xérès-Sherry";"4.4";"1733 ratings";"https://images.vivino.com/thumbs/Vg-ySCKHRB2RNSAdV4qpEg_pb_x300.png"
"395";"Real Companhia Velha";"Vintage Port N.V.";"Port";"Portugal
·
Vintage Port";"4.4";"1686 ratings";"https://images.vivino.com/thumbs/ZRuqQhQ3QuK3aK5kZ1Pq_A_pb_x300.png"
"396";"Fonseca";"Vintage Port N.V.";"Port";"Portugal
·
Vintage Port";"4.4";"1201 ratings";"https://images.vivino.com/thumbs/Ti4juu1PQKSxF0Ni9yMS5A_pb_x300.png"
"397";"Toro Albalá";"Don PX Gran Reserva 1983";"Port";"Spain
·
Montilla-Moriles";"4.4";"1162 ratings";"https://images.vivino.com/thumbs/qAad7NzITH-si06g3x-uQQ_pb_x300.png"
"398";"Toro Albalá";"Don PX Gran Reserva 1987";"Port";"Spain
·
Montilla-Moriles";"4.4";"1110 ratings";"https://images.vivino.com/thumbs/qAad7NzITH-si06g3x-uQQ_pb_x300.png"
"399";"Toro Albalá";"Don PX Gran Reserva 1986";"Port";"Spain
·
Montilla-Moriles";"4.4";"1077 ratings";"https://images.vivino.com/thumbs/qAad7NzITH-si06g3x-uQQ_pb_x300.png"
"400";"Quinta do Vallado";"Porto 20 Years Old Tawny N.V.";"Port";"Portugal
·
Porto";"4.4";"1035 ratings";"https://images.vivino.com/thumbs/jHGhovW_QZ6b46juLKZlXQ_pb_x300.png"
"401";"Quinta do Noval";"Vintage Port N.V.";"Port";"Portugal
·
Vintage Port";"4.4";"1018 ratings";"https://images.vivino.com/thumbs/y9P75uaVT6yoGz2398QDDw_pb_x300.png"
"402";"Royal Oporto";"20 Year Old Tawny Porto N.V.";"Port";"Portugal
·
Aged Tawny Port";"4.4";"898 ratings";"https://images.vivino.com/thumbs/4usgrqCrTUKag27XkXShOw_pb_x300.png"
"403";"Royal Oporto";"Colheita Porto N.V.";"Port";"Portugal
·
Colheita Port";"4.4";"881 ratings";"https://images.vivino.com/thumbs/QnSyShsLRguoGnjtFIQO8A_pb_x300.png"
